--- Terminal on /dev/cu.usbserial-0001 | 115200 8-N-1
--- Available filters and text transformations: colorize, debug, default, direct, esp32_exception_decoder, hexlify, log2file, nocontrol, printable, send_on_enter, time
--- More details at https://bit.ly/pio-monitor-filters
--- Quit: Ctrl+C | Menu: Ctrl+T | Help: Ctrl+T followed by Ctrl+H
ets Jun  8 2016 00:22:57

rst:0x1 (POWERON_RESET),boot:0x13 (SPI_FAST_FLASH_BOOT)
configsip: 0, SPIWP:0xee
clk_drv:0x00,q_drv:0x00,d_drv:0x00,cs0_drv:0x00,hd_drv:0x00,wp_drv:0x00
mode:DIO, clock div:2
load:0x3fff0030,len:1184
load:0x40078000,len:13232
load:0x40080400,len:3028
entry 0x400805e4
id,index,millis,gas_index,mes_index,temperature,pressure,humidity,gas_resistance,status
967459421,0,60200,0,0,20.23,93630.83,63.35,104875.05,b0
967459421,0,90254,0,0,20.20,93631.31,63.62,69697.80,b0
967459421,0,120308,0,0,20.16,93631.11,63.54,63007.63,b0
967459421,0,150362,0,0,20.15,93631.34,63.71,59327.93,b0
967459421,0,180416,0,0,20.20,93632.88,63.62,56387.66,b0
967459421,0,210470,0,0,20.30,93633.99,63.45,53556.48,b0
967459421,0,240524,0,0,20.37,93634.56,63.39,51926.98,b0
967459421,0,270578,0,0,20.36,93634.09,63.16,50632.91,b0
967459421,0,300632,0,0,20.30,93633.63,63.27,50274.94,b0
967459421,0,330686,0,0,20.32,93634.68,63.31,48558.42,b0
967459421,0,360740,0,0,20.32,93634.64,63.42,47796.86,b0
967459421,0,390794,0,0,20.39,93638.87,63.42,45714.29,b0
967459421,0,420848,0,0,20.41,93638.09,63.14,44849.34,b0
967459421,0,450902,0,0,20.21,93636.62,63.47,45422.29,b0
967459421,0,480956,0,0,20.28,93639.07,63.60,43567.05,b0
967459421,0,511010,0,0,20.30,93638.52,63.38,42909.82,b0
967459421,0,541064,0,0,20.29,93639.41,63.65,42823.69,b0
967459421,0,571118,0,0,20.36,93639.39,63.37,42022.32,b0
967459421,0,601172,0,0,20.37,93640.13,63.30,41816.40,b0
967459421,0,631226,0,0,20.43,93641.32,63.15,41210.56,b0
967459421,0,661280,0,0,20.43,93642.18,63.37,40544.82,b0
967459421,0,691334,0,0,20.46,93644.27,63.30,39788.62,b0
967459421,0,721388,0,0,20.45,93643.11,62.99,39167.69,b0
967459421,0,751442,0,0,20.30,93646.92,63.22,39677.62,b0
967459421,0,781496,0,0,20.26,93645.73,63.51,39239.73,b0
967459421,0,811550,0,0,20.20,93646.24,63.63,39640.75,b0
967459421,0,841604,0,0,20.23,93649.17,63.67,39457.46,b0
967459421,0,871658,0,0,20.25,93651.39,63.71,38811.40,b0
967459421,0,901712,0,0,20.19,93651.51,63.59,39167.69,b0
967459421,0,931766,0,0,20.14,93650.04,63.84,39095.91,b0
967459421,0,961820,0,0,20.15,93649.10,63.85,39024.39,b0
967459421,0,991874,0,0,20.20,93648.98,63.76,38705.78,b0
967459421,0,1021928,0,0,20.28,93649.49,63.55,37613.87,b0
967459421,0,1051982,0,0,20.21,93648.96,63.61,37580.74,b0
967459421,0,1082036,0,0,20.19,93648.41,63.71,37058.48,b0
967459421,0,1112090,0,0,20.17,93649.38,63.81,36930.18,b0
967459421,0,1142144,0,0,20.21,93651.13,63.72,36519.26,b0
967459421,0,1172198,0,0,20.21,93650.74,63.72,36270.90,b0
967459421,0,1202252,0,0,20.26,93651.26,63.59,36209.34,b0
967459421,0,1232306,0,0,20.20,93649.96,63.70,36086.83,b0
967459421,0,1262360,0,0,20.24,93653.41,63.67,35784.18,b0
967459421,0,1292414,0,0,20.28,93650.11,63.66,35252.00,b0
967459421,0,1322468,0,0,20.27,93650.98,63.58,34991.80,b0
967459421,0,1352522,0,0,20.28,93651.52,63.61,34678.95,b0
967459421,0,1382576,0,0,20.30,93652.23,63.69,34399.36,b0
967459421,0,1412630,0,0,20.12,93650.34,63.77,34371.64,b0
967459421,0,1442684,0,0,20.05,93650.50,64.13,34454.91,b0
967459421,0,1472738,0,0,20.04,93650.18,64.12,34650.79,b0
967459421,0,1502792,0,0,20.11,93650.83,64.13,34678.95,b0
967459421,0,1532846,0,0,20.05,93651.68,64.09,34820.46,b0
967459421,0,1562900,0,0,20.11,93652.68,64.06,34763.71,b0
967459421,0,1592954,0,0,20.13,93651.93,63.99,34594.59,b0
967459421,0,1623008,0,0,20.14,93652.58,63.99,34538.59,b0
967459421,0,1653062,0,0,20.10,93653.29,64.01,34707.16,b0
967459421,0,1683116,0,0,20.10,93652.99,64.11,34735.41,b0
967459421,0,1713170,0,0,20.13,93652.67,63.99,33961.26,b0
967459421,0,1743224,0,0,20.18,93654.55,64.02,33350.70,b0
967459421,0,1773278,0,0,20.25,93652.80,63.72,32761.71,b0
967459421,0,1803332,0,0,20.19,93649.89,63.62,32964.20,b0
967459421,0,1833386,0,0,20.07,93650.74,64.06,33066.39,b0
967459421,0,1863440,0,0,20.14,93649.80,64.10,32636.41,b0
967459421,0,1893494,0,0,20.20,93650.98,63.93,32437.91,b0
967459421,0,1923548,0,0,20.26,93652.25,63.67,32437.91,b0
967459421,0,1953602,0,0,20.30,93653.20,63.52,31952.07,b0
967459421,0,1983656,0,0,20.33,93651.93,63.39,31667.49,b0
967459421,0,2013710,0,0,20.20,93654.64,63.50,32193.16,b0
967459421,0,2043764,0,0,20.10,93653.84,63.88,32611.46,b0
967459421,0,2073818,0,0,20.12,93652.88,63.98,32266.20,b0
967459421,0,2103872,0,0,20.17,93654.11,63.89,32193.16,b0
967459421,0,2133926,0,0,20.21,93654.70,63.77,32000.00,b0
967459421,0,2163980,0,0,20.16,93655.71,63.61,32168.89,b0
967459421,0,2194034,0,0,20.23,93656.93,63.82,31503.81,b0
967459421,0,2224088,0,0,20.22,93656.07,63.46,31550.41,b0
967459421,0,2254142,0,0,20.03,93654.66,63.73,32413.27,b0
967459421,0,2284196,0,0,20.03,93654.33,64.00,32388.66,b0
967459421,0,2314250,0,0,20.10,93655.31,63.95,32290.62,b0
967459421,0,2344304,0,0,20.13,93651.30,63.73,32048.07,b0
967459421,0,2374358,0,0,20.16,93655.10,63.74,31457.36,b0
967459421,0,2404412,0,0,20.15,93653.70,63.73,30776.63,b0
967459421,0,2434466,0,0,20.20,93653.26,63.63,30512.52,b0
967459421,0,2464520,0,0,20.25,93655.50,63.64,30061.06,b0
967459421,0,2494574,0,0,20.19,93653.77,63.59,29177.11,b0
967459421,0,2524628,0,0,20.20,93654.89,63.48,29097.52,b0
967459421,0,2554682,0,0,20.17,93654.71,63.54,29540.73,b0
967459421,0,2584736,0,0,20.15,93654.13,63.68,29767.44,b0
967459421,0,2614790,0,0,20.22,93658.35,63.50,29663.96,b0
967459421,0,2644844,0,0,20.19,93659.13,63.61,29581.70,b0
967459421,0,2674898,0,0,20.20,93660.01,63.46,29257.14,b0
967459421,0,2704952,0,0,20.19,93660.15,63.41,29725.96,b0
967459421,0,2735006,0,0,20.18,93662.16,63.43,30039.90,b0
967459421,0,2765060,0,0,20.12,93660.86,63.21,31000.24,b0
967459421,0,2795114,0,0,20.10,93659.81,63.24,31856.64,b0
967459421,0,2825168,0,0,20.15,93659.02,63.28,31928.16,b0
967459421,0,2855222,0,0,20.18,93659.84,63.07,32536.86,b0
967459421,0,2885276,0,0,20.17,93659.16,62.99,32938.75,b0
967459421,0,2915330,0,0,20.20,93658.77,63.04,33586.98,b0
967459421,0,2945384,0,0,20.23,93662.34,62.93,34178.91,b0
967459421,0,2975438,0,0,20.23,93658.50,62.83,34650.79,b0
967459421,0,3005492,0,0,20.18,93659.20,62.96,35457.06,b0
967459421,0,3035546,0,0,20.22,93661.40,62.83,35664.53,b0
967459421,0,3065600,0,0,20.27,93658.16,62.86,30955.26,b0
967459421,0,3095654,0,0,20.31,93662.72,62.73,24961.00,b0
967459421,0,3125708,0,0,20.37,93658.70,62.60,22495.61,b0
967459421,0,3155762,0,0,20.43,93660.73,62.40,20867.30,b0
967459421,0,3185816,0,0,20.44,93657.40,62.38,20705.27,b0
967459421,0,3215870,0,0,20.32,93659.16,62.45,21783.53,b0
967459421,0,3245924,0,0,20.27,93659.30,62.57,22735.35,b0
967459421,0,3275978,0,0,20.30,93658.93,62.77,23607.53,b0
967459421,0,3306032,0,0,20.17,93658.22,62.71,25019.55,b0
967459421,0,3336086,0,0,20.09,93656.36,63.04,26315.79,b0
967459421,0,3366140,0,0,20.14,93656.45,63.07,27187.77,b0
967459421,0,3396194,0,0,20.09,93655.01,62.92,28571.43,b0
967459421,0,3426248,0,0,20.01,93655.73,63.33,29038.11,b0
967459421,0,3456302,0,0,20.12,93657.09,63.23,28764.04,b0
967459421,0,3486356,0,0,20.06,93656.39,63.03,29976.58,b0
967459421,0,3516410,0,0,20.03,93654.88,63.28,30688.08,b0
967459421,0,3546464,0,0,20.09,93658.68,63.24,31364.86,b0
967459421,0,3576518,0,0,20.00,93654.59,63.15,32437.91,b0
967459421,0,3606572,0,0,20.04,93656.59,63.29,32837.35,b0
967459421,0,3636626,0,0,20.04,93655.20,63.19,33507.85,b0
967459421,0,3666680,0,0,20.08,93655.28,63.23,33693.08,b0
967459421,0,3696734,0,0,20.13,93657.80,62.97,33639.95,b0
967459421,0,3726788,0,0,20.18,93660.92,62.93,32561.69,b0
967459421,0,3756842,0,0,20.22,93659.54,62.90,31785.45,b0
967459421,0,3786896,0,0,20.11,93661.51,62.76,32761.71,b0
967459421,0,3816950,0,0,20.16,93662.24,63.22,31856.64,b0
967459421,0,3847004,0,0,20.07,93661.66,63.13,32096.29,b0
967459421,0,3877058,0,0,19.99,93661.60,63.15,32241.81,b0
967459421,0,3907112,0,0,20.00,93663.38,63.35,32561.69,b0
967459421,0,3937166,0,0,19.92,93665.23,63.45,33934.25,b0
967459421,0,3967220,0,0,19.97,93660.88,63.45,33169.21,b0
967459421,0,3997274,0,0,19.92,93664.27,63.50,33560.57,b0
967459421,0,4027328,0,0,19.97,93664.66,63.54,34124.23,b0
967459421,0,4057382,0,0,19.96,93662.62,63.33,34763.71,b0
967459421,0,4087436,0,0,19.99,93663.66,63.44,34288.78,b0
967459421,0,4117490,0,0,20.01,93661.54,63.27,35106.96,b0
967459421,0,4147544,0,0,20.05,93663.80,63.20,33880.36,b0
967459421,0,4177598,0,0,19.90,93660.90,63.30,34934.50,b0
967459421,0,4207652,0,0,19.97,93663.02,63.52,34316.36,b0
967459421,0,4237706,0,0,20.06,93664.73,63.34,31880.45,b0
967459421,0,4267760,0,0,20.04,93664.77,63.18,31809.14,b0
967459421,0,4297814,0,0,19.94,93661.83,63.36,32339.57,b0
967459421,0,4327868,0,0,19.99,93663.66,63.44,31620.55,b0
967459421,0,4357922,0,0,20.05,93663.74,63.35,29809.04,b0
967459421,0,4387976,0,0,20.10,93666.79,63.20,29438.82,b0
967459421,0,4418030,0,0,20.15,93666.65,63.04,30188.68,b0
967459421,0,4448084,0,0,20.10,93666.15,63.08,31644.01,b0
967459421,0,4478138,0,0,20.15,93669.55,63.02,32048.07,b0
967459421,0,4508192,0,0,20.21,93670.56,62.75,32315.07,b0
967459421,0,4538246,0,0,20.25,93670.07,62.69,32462.59,b0
967459421,0,4568300,0,0,20.09,93670.59,62.91,33586.98,b0
967459421,0,4598354,0,0,19.98,93669.11,63.28,34454.91,b0
967459421,0,4628408,0,0,19.94,93670.96,63.46,35049.29,b0
967459421,0,4658462,0,0,19.99,93669.02,63.46,35368.89,b0
967459421,0,4688516,0,0,19.95,93665.63,63.55,35427.62,b0
967459421,0,4718570,0,0,20.03,93665.69,63.42,35193.84,b0
967459421,0,4748624,0,0,20.11,93669.05,63.16,34792.06,b0
967459421,0,4778678,0,0,20.12,93668.33,63.12,34482.76,b0
967459421,0,4808732,0,0,20.13,93669.60,63.10,34707.16,b0
967459421,0,4838786,0,0,20.15,93667.84,63.05,34820.46,b0
967459421,0,4868840,0,0,19.98,93668.23,63.28,36425.73,b0
967459421,0,4898894,0,0,19.97,93663.07,64.02,36270.90,b0
967459421,0,4928948,0,0,19.99,93668.02,63.48,36707.77,b0
967459421,0,4959002,0,0,20.07,93666.81,63.40,36270.90,b0
967459421,0,4989056,0,0,20.02,93665.50,63.31,37187.68,b0
967459421,0,5019110,0,0,19.95,93666.80,63.59,37847.43,b0
967459421,0,5049164,0,0,19.96,93667.13,63.72,36301.76,b0
967459421,0,5079218,0,0,20.04,93666.16,63.52,34991.80,b0
967459421,0,5109272,0,0,19.94,93661.68,63.52,35874.44,b0
967459421,0,5139326,0,0,19.95,93663.09,63.69,35784.18,b0
967459421,0,5169380,0,0,20.05,93665.69,63.51,34510.65,b0
967459421,0,5199434,0,0,20.11,93667.13,63.36,33826.64,b0
967459421,0,5229488,0,0,20.15,93664.33,63.20,33066.39,b0
967459421,0,5259542,0,0,20.15,93668.00,63.10,33195.02,b0
967459421,0,5289596,0,0,20.18,93666.29,63.17,33272.68,b0
967459421,0,5319650,0,0,20.14,93667.03,63.14,33799.84,b0
967459421,0,5349704,0,0,20.13,93667.34,63.17,34124.23,b0
967459421,0,5379758,0,0,20.18,93663.51,63.10,33961.26,b0
967459421,0,5409812,0,0,20.12,93665.31,63.05,34399.36,b0
967459421,0,5439866,0,0,20.08,93660.31,63.35,34991.80,b0
967459421,0,5469920,0,0,19.93,93658.63,63.66,35754.19,b0
967459421,0,5499974,0,0,19.98,93658.32,63.72,35516.09,b0
967459421,0,5530028,0,0,20.04,93656.21,63.58,35575.32,b0
967459421,0,5560082,0,0,20.07,93657.84,63.58,35486.55,b0
967459421,0,5590136,0,0,19.98,93657.81,63.61,36240.09,b0
967459421,0,5620190,0,0,20.00,93657.47,63.71,36519.26,b0
967459421,0,5650244,0,0,20.05,93656.20,63.61,36676.22,b0
967459421,0,5680298,0,0,20.14,93658.10,63.43,36425.73,b0
967459421,0,5710352,0,0,20.16,93659.63,63.30,36550.54,b0
967459421,0,5740406,0,0,20.19,93656.60,63.24,36676.22,b0
967459421,0,5770460,0,0,20.07,93657.77,63.48,37220.12,b0
967459421,0,5800514,0,0,20.09,93658.72,63.50,36898.24,b0
967459421,0,5830568,0,0,20.09,93659.84,63.49,36930.18,b0
967459421,0,5860622,0,0,20.12,93654.31,63.41,36962.17,b0
967459421,0,5890676,0,0,19.92,93654.38,63.77,37982.20,b0
967459421,0,5920730,0,0,19.84,93655.90,64.13,38426.90,b0
967459421,0,5950784,0,0,19.92,93656.05,64.06,38152.01,b0
967459421,0,5980838,0,0,19.92,93656.23,64.07,37780.40,b0
967459421,0,6010892,0,0,19.96,93655.15,63.95,37613.87,b0
967459421,0,6040946,0,0,19.97,93653.41,63.95,38083.90,b0
967459421,0,6071000,0,0,19.81,93656.38,64.19,38988.73,b0
967459421,0,6101054,0,0,19.80,93655.53,64.45,38953.13,b0
967459421,0,6131108,0,0,19.85,93655.13,64.37,38917.61,b0
967459421,0,6161162,0,0,19.81,93655.72,64.39,39603.96,b0
967459421,0,6191216,0,0,19.89,93654.84,64.35,39024.39,b0
967459421,0,6221270,0,0,19.94,93657.23,64.18,38953.13,b0
967459421,0,6251324,0,0,20.02,93655.71,63.95,38531.00,b0
967459421,0,6281378,0,0,19.90,93655.20,64.12,39239.73,b0
967459421,0,6311432,0,0,19.92,93654.77,64.15,38776.13,b0
967459421,0,6341486,0,0,19.84,93655.11,64.32,38953.13,b0
967459421,0,6371540,0,0,19.84,93651.67,64.38,38953.13,b0
967459421,0,6401594,0,0,19.74,93652.70,64.64,38811.40,b0
967459421,0,6431648,0,0,19.82,93653.34,64.71,37982.20,b0
967459421,0,6461702,0,0,19.82,93650.89,64.52,38357.80,b0
967459421,0,6491756,0,0,19.83,93651.66,64.56,38016.04,b0
967459421,0,6521810,0,0,19.79,93652.08,64.57,38846.74,b0
967459421,0,6551864,0,0,19.77,93650.66,64.68,39312.04,b0
967459421,0,6581918,0,0,19.83,93649.78,64.64,39060.12,b0
967459421,0,6611972,0,0,19.83,93650.52,64.53,39131.77,b0
967459421,0,6642026,0,0,19.88,93648.03,64.49,39131.77,b0
967459421,0,6672080,0,0,19.93,93651.13,64.25,38988.73,b0
967459421,0,6702134,0,0,19.82,93646.21,64.44,39457.46,b0
967459421,0,6732188,0,0,19.78,93648.50,64.68,39640.75,b0
967459421,0,6762242,0,0,19.84,93648.52,64.66,39060.12,b0
967459421,0,6792296,0,0,19.88,93648.53,64.60,38635.68,b0
967459421,0,6822350,0,0,19.86,93647.56,64.55,38705.78,b0
967459421,0,6852404,0,0,19.92,93646.94,64.39,38288.96,b0
967459421,0,6882458,0,0,20.00,93647.73,64.27,38117.93,b0
967459421,0,6912512,0,0,20.05,93644.98,64.03,37914.69,b0
967459421,0,6942566,0,0,20.02,93647.32,63.92,38049.94,b0
967459421,0,6972620,0,0,20.00,93649.01,64.09,37813.89,b0
967459421,0,7002674,0,0,19.94,93647.06,64.15,37383.18,b0
967459421,0,7032728,0,0,19.84,93646.37,64.45,37317.79,b0
967459421,0,7062782,0,0,19.92,93647.52,64.43,36178.63,b0
967459421,0,7092836,0,0,19.95,93647.07,64.38,35078.11,b0
967459421,0,7122890,0,0,19.95,93646.95,64.30,34792.06,b0
967459421,0,7152944,0,0,20.01,93647.03,64.22,34316.36,b0
967459421,0,7182998,0,0,20.05,93646.28,64.09,33507.85,b0
967459421,0,7213052,0,0,19.97,93645.02,64.13,34178.91,b0
967459421,0,7243106,0,0,19.92,93643.08,64.36,34538.59,b0
967459421,0,7273160,0,0,19.88,93640.80,64.43,34848.90,b0
967459421,0,7303214,0,0,19.88,93644.45,64.51,35724.25,b0
967459421,0,7333268,0,0,19.95,93642.91,64.40,35724.25,b0
967459421,0,7363322,0,0,19.90,93642.93,64.42,36394.66,b0
967459421,0,7393376,0,0,19.96,93643.05,64.39,35934.87,b0
967459421,0,7423430,0,0,20.01,93644.50,64.26,36178.63,b0
967459421,0,7453484,0,0,20.02,93643.98,64.20,36332.67,b0
967459421,0,7483538,0,0,20.04,93641.99,64.13,36025.89,b0
967459421,0,7513592,0,0,19.95,93645.84,64.20,36613.27,b0
967459421,0,7543646,0,0,19.87,93645.61,64.53,36644.72,b0
967459421,0,7573700,0,0,19.89,93642.69,64.59,36456.85,b0
967459421,0,7603754,0,0,19.82,93644.06,64.67,36834.53,b0
967459421,0,7633808,0,0,19.86,93644.53,64.69,36613.27,b0
967459421,0,7663862,0,0,19.87,93644.49,64.64,36707.77,b0
967459421,0,7693916,0,0,19.86,93644.65,64.57,36425.73,b0
967459421,0,7723970,0,0,19.74,93644.19,64.86,37514.65,b0
967459421,0,7754024,0,0,19.77,93642.69,64.94,37647.06,b0
967459421,0,7784078,0,0,19.82,93643.23,64.82,37746.98,b0
967459421,0,7814132,0,0,19.83,93642.37,64.71,37580.74,b0
967459421,0,7844186,0,0,19.84,93642.46,64.74,37680.30,b0
967459421,0,7874240,0,0,19.84,93644.26,64.72,37680.30,b0
967459421,0,7904294,0,0,19.85,93643.21,64.71,37580.74,b0
967459421,0,7934348,0,0,19.91,93643.60,64.62,37187.68,b0
967459421,0,7964402,0,0,19.71,93642.90,64.78,37914.69,b0
967459421,0,7994456,0,0,19.65,93641.66,65.13,37680.30,b0
967459421,0,8024510,0,0,19.69,93640.66,65.11,37746.98,b0
967459421,0,8054564,0,0,19.70,93643.71,65.04,37713.61,b0
967459421,0,8084618,0,0,19.80,93645.74,64.92,37122.97,b0
967459421,0,8114672,0,0,19.83,93644.07,64.82,37026.32,b0
967459421,0,8144726,0,0,19.73,93645.01,65.34,37285.17,b0
967459421,0,8174780,0,0,19.71,93643.78,64.99,37383.18,b0
967459421,0,8204834,0,0,19.56,93644.88,65.30,37746.98,b0
967459421,0,8234888,0,0,19.68,93647.50,65.29,36613.27,b0
967459421,0,8264942,0,0,19.78,93645.64,65.09,36519.26,b0
967459421,0,8294996,0,0,19.81,93646.09,64.79,36209.34,b0
967459421,0,8325050,0,0,19.86,93646.05,64.72,36270.90,b0
967459421,0,8355104,0,0,19.94,93646.84,64.51,35784.18,b0
967459421,0,8385158,0,0,19.99,93645.78,64.46,35575.32,b0
967459421,0,8415212,0,0,20.03,93646.27,64.24,35575.32,b0
967459421,0,8445266,0,0,20.01,93645.32,64.10,35784.18,b0
967459421,0,8475320,0,0,19.75,93646.09,64.64,36676.22,b0
967459421,0,8505374,0,0,19.61,93644.86,65.16,36209.34,b0
967459421,0,8535428,0,0,19.64,93643.82,65.24,35049.29,b0
967459421,0,8565482,0,0,19.73,93644.51,65.10,34482.76,b0
967459421,0,8595536,0,0,19.83,93645.46,64.86,33907.29,b0
967459421,0,8625590,0,0,19.88,93643.34,64.68,33429.09,b0
967459421,0,8655644,0,0,19.91,93641.88,64.59,32661.39,b0
967459421,0,8685698,0,0,19.94,93646.42,64.47,31904.29,b0
967459421,0,8715752,0,0,19.84,93643.13,64.52,33169.21,b0
967459421,0,8745806,0,0,19.65,93641.61,64.90,33961.26,b0
967459421,0,8775860,0,0,19.55,93643.32,65.39,34261.24,b0
967459421,0,8805914,0,0,19.56,93642.55,65.37,34792.06,b0
967459421,0,8835968,0,0,19.62,93643.87,65.29,34905.92,b0
967459421,0,8866022,0,0,19.74,93645.28,65.08,35193.84,b0
967459421,0,8896076,0,0,19.66,93645.82,64.96,35694.37,b0
967459421,0,8926130,0,0,19.60,93643.11,65.23,36676.22,b0
967459421,0,8956184,0,0,19.65,93644.13,65.27,36301.76,b0
967459421,0,8986238,0,0,19.66,93643.92,65.11,36802.76,b0
967459421,0,9016292,0,0,19.69,93643.70,65.09,36962.17,b0
967459421,0,9046346,0,0,19.72,93641.78,65.01,36994.22,b0
967459421,0,9076400,0,0,19.76,93642.50,64.93,36834.53,b0
967459421,0,9106454,0,0,19.80,93641.47,64.89,36488.03,b0
967459421,0,9136508,0,0,19.86,93640.86,64.69,35575.32,b0
967459421,0,9166562,0,0,19.91,93642.48,64.52,35516.09,b0
967459421,0,9196616,0,0,19.93,93643.41,64.41,35486.55,b0
967459421,0,9226670,0,0,19.87,93642.45,64.44,35664.53,b0
967459421,0,9256724,0,0,19.80,93642.54,64.66,35874.44,b0
967459421,0,9286778,0,0,19.80,93641.02,64.67,35724.25,b0
967459421,0,9316832,0,0,19.65,93642.66,64.96,36209.34,b0
967459421,0,9346886,0,0,19.62,93641.01,65.12,36613.27,b0
967459421,0,9376940,0,0,19.69,93639.48,65.09,36644.72,b0
967459421,0,9406994,0,0,19.73,93639.41,64.95,36930.18,b0
967459421,0,9437048,0,0,19.78,93640.41,64.84,36802.76,b0
967459421,0,9467102,0,0,19.80,93637.58,64.77,36707.77,b0
967459421,0,9497156,0,0,19.82,93638.20,64.71,36866.36,b0
967459421,0,9527210,0,0,19.85,93639.09,64.59,36771.04,b0
967459421,0,9557264,0,0,19.89,93639.48,64.57,36834.53,b0
967459421,0,9587318,0,0,19.94,93640.65,64.43,36332.67,b0
967459421,0,9617372,0,0,19.74,93638.97,64.56,36898.24,b0
967459421,0,9647426,0,0,19.74,93638.37,64.88,36707.77,b0
967459421,0,9677480,0,0,19.79,93637.77,64.80,36240.09,b0
967459421,0,9707534,0,0,19.79,93637.52,64.70,36240.09,b0
967459421,0,9737588,0,0,19.72,93638.77,64.89,36270.90,b0
967459421,0,9767642,0,0,19.75,93639.82,64.96,35754.19,b0
967459421,0,9797696,0,0,19.81,93639.41,64.79,35339.59,b0
967459421,0,9827750,0,0,19.86,93635.70,64.56,35368.89,b0
967459421,0,9857804,0,0,19.86,93635.75,64.53,35368.89,b0
967459421,0,9887858,0,0,19.88,93636.23,64.45,35545.68,b0
967459421,0,9917912,0,0,19.90,93638.20,64.38,35754.19,b0
967459421,0,9947966,0,0,19.91,93635.84,64.31,35784.18,b0
967459421,0,9978020,0,0,19.92,93637.56,64.31,36025.89,b0
967459421,0,10008074,0,0,19.92,93637.73,64.34,35934.87,b0
967459421,0,10038128,0,0,19.93,93635.34,64.34,35724.25,b0
967459421,0,10068182,0,0,19.82,93634.58,64.37,35934.87,b0
967459421,0,10098236,0,0,19.76,93633.88,64.66,36117.38,b0
967459421,0,10128290,0,0,19.78,93631.13,64.68,36025.89,b0
967459421,0,10158344,0,0,19.73,93632.32,64.77,36425.73,b0
967459421,0,10188398,0,0,19.74,93631.27,64.82,35934.87,b0
967459421,0,10218452,0,0,19.80,93632.30,64.66,35995.50,b0
967459421,0,10248506,0,0,19.80,93630.23,64.51,35904.63,b0
967459421,0,10278560,0,0,19.73,93630.17,64.71,36363.64,b0
967459421,0,10308614,0,0,19.73,93627.54,64.77,36456.85,b0
967459421,0,10338668,0,0,19.81,93628.48,64.62,35995.50,b0
967459421,0,10368722,0,0,19.83,93626.34,64.43,36270.90,b0
967459421,0,10398776,0,0,19.68,93625.45,64.72,36866.36,b0
967459421,0,10428830,0,0,19.75,93625.22,64.77,36519.26,b0
967459421,0,10458884,0,0,19.74,93623.73,64.70,36519.26,b0
967459421,0,10488938,0,0,19.64,93621.73,64.72,36394.66,b0
967459421,0,10518992,0,0,19.59,93622.84,65.09,36301.76,b0
967459421,0,10549046,0,0,19.67,93623.63,64.99,36025.89,b0
967459421,0,10579100,0,0,19.76,93622.80,64.81,35605.01,b0
967459421,0,10609154,0,0,19.83,93627.01,64.57,35486.55,b0
967459421,0,10639208,0,0,19.82,93623.39,64.68,35664.53,b0
967459421,0,10669262,0,0,19.83,93623.98,64.53,35844.30,b0
967459421,0,10699316,0,0,19.80,93623.65,64.43,36086.83,b0
967459421,0,10729370,0,0,19.76,93624.74,64.62,36456.85,b0
967459421,0,10759424,0,0,19.79,93625.43,64.57,36456.85,b0
967459421,0,10789478,0,0,19.81,93624.09,64.54,36519.26,b0
967459421,0,10819532,0,0,19.83,93624.48,64.45,36644.72,b0
967459421,0,10849586,0,0,19.81,93624.01,64.44,36363.64,b0
967459421,0,10879640,0,0,19.85,93623.55,64.41,35252.00,b0
967459421,0,10909694,0,0,19.87,93625.26,64.32,34594.59,b0
967459421,0,10939748,0,0,19.82,93625.55,64.40,33773.09,b0
967459421,0,10969802,0,0,19.80,93624.94,64.85,30644.00,b0
967459421,0,10999856,0,0,19.78,93624.55,64.57,30754.45,b0
967459421,0,11029910,0,0,19.82,93624.33,64.46,30666.03,b0
967459421,0,11059964,0,0,19.88,93626.38,64.33,30425.48,b0
967459421,0,11090018,0,0,19.90,93626.99,64.20,30600.05,b0
967459421,0,11120072,0,0,19.92,93627.02,64.14,30534.35,b0
967459421,0,11150126,0,0,19.79,93625.43,64.29,31113.27,b0
967459421,0,11180180,0,0,19.66,93623.22,64.61,32120.45,b0
967459421,0,11210234,0,0,19.52,93627.36,65.00,33169.21,b0
967459421,0,11240288,0,0,19.56,93625.09,65.11,33117.72,b0
967459421,0,11270342,0,0,19.65,93625.80,64.97,33272.68,b0
967459421,0,11300396,0,0,19.68,93626.85,64.81,33746.37,b0
967459421,0,11330450,0,0,19.74,93628.69,64.70,34124.23,b0
967459421,0,11360504,0,0,19.76,93628.49,64.61,34343.98,b0
967459421,0,11390558,0,0,19.79,93628.07,64.51,34178.91,b0
967459421,0,11420612,0,0,19.79,93627.73,64.45,34678.95,b0
967459421,0,11450666,0,0,19.81,93627.63,64.40,34848.90,b0
967459421,0,11480720,0,0,19.82,93629.26,64.38,34763.71,b0
967459421,0,11510774,0,0,19.71,93628.60,64.43,34905.92,b0
967459421,0,11540828,0,0,19.50,93626.99,64.95,35874.44,b0
967459421,0,11570882,0,0,19.48,93627.95,65.22,36240.09,b0
967459421,0,11600936,0,0,19.50,93628.12,65.23,36456.85,b0
967459421,0,11630990,0,0,19.55,93627.73,65.19,36025.89,b0
967459421,0,11661044,0,0,19.62,93628.86,65.02,35844.30,b0
967459421,0,11691098,0,0,19.53,93629.97,65.05,36739.38,b0
967459421,0,11721152,0,0,19.52,93630.78,65.15,36802.76,b0
967459421,0,11751206,0,0,19.54,93632.30,65.11,36771.04,b0
967459421,0,11781260,0,0,19.53,93631.48,65.12,37026.32,b0
967459421,0,11811314,0,0,19.57,93631.81,65.05,37026.32,b0
967459421,0,11841368,0,0,19.57,93631.36,64.98,36898.24,b0
967459421,0,11871422,0,0,19.61,93632.46,64.93,37058.48,b0
967459421,0,11901476,0,0,19.54,93631.50,64.95,37026.32,b0
967459421,0,11931530,0,0,19.40,93632.77,65.41,36802.76,b0
967459421,0,11961584,0,0,19.41,93634.20,65.51,36394.66,b0
967459421,0,11991638,0,0,19.40,93634.60,65.53,36771.04,b0
967459421,0,12021692,0,0,19.47,93636.01,65.49,36488.03,b0
967459421,0,12051746,0,0,19.54,93636.30,65.32,36117.38,b0
967459421,0,12081800,0,0,19.53,93637.00,65.24,35814.21,b0
967459421,0,12111854,0,0,19.49,93636.96,65.32,36178.63,b0
967459421,0,12141908,0,0,19.46,93637.23,65.41,35995.50,b0
967459421,0,12171962,0,0,19.39,93635.76,65.54,36613.27,b0
967459421,0,12202016,0,0,19.43,93636.60,65.55,36519.26,b0
967459421,0,12232070,0,0,19.44,93635.55,65.45,36086.83,b0
967459421,0,12262124,0,0,19.44,93635.78,65.47,36550.54,b0
967459421,0,12292178,0,0,19.43,93639.22,65.48,36962.17,b0
967459421,0,12322232,0,0,19.42,93638.73,65.52,37252.62,b0
967459421,0,12352286,0,0,19.40,93639.61,65.58,37285.17,b0
967459421,0,12382340,0,0,19.40,93637.59,65.61,37252.62,b0
967459421,0,12412394,0,0,19.45,93641.32,65.52,37613.87,b0
967459421,0,12442448,0,0,19.47,93638.55,65.45,37847.43,b0
967459421,0,12472502,0,0,19.52,93638.16,65.36,37514.65,b0
967459421,0,12502556,0,0,19.54,93638.49,65.27,37285.17,b0
967459421,0,12532610,0,0,19.57,93639.73,65.25,37026.32,b0
967459421,0,12562664,0,0,19.56,93639.69,65.18,36707.77,b0
967459421,0,12592718,0,0,19.58,93641.55,65.21,36707.77,b0
967459421,0,12622772,0,0,19.59,93641.80,65.15,36363.64,b0
967459421,0,12652826,0,0,19.62,93643.62,65.13,36147.98,b0
967459421,0,12682880,0,0,19.67,93643.22,65.05,35754.19,b0
967459421,0,12712934,0,0,19.67,93643.42,64.93,35694.37,b0
967459421,0,12742988,0,0,19.66,93642.80,64.99,35486.55,b0
967459421,0,12773042,0,0,19.62,93643.62,65.02,35252.00,b0
967459421,0,12803096,0,0,19.57,93642.58,65.18,34735.41,b0
967459421,0,12833150,0,0,19.57,93643.05,65.20,34650.79,b0
967459421,0,12863204,0,0,19.58,93645.16,65.21,34905.92,b0
967459421,0,12893258,0,0,19.57,93645.64,65.22,34963.12,b0
967459421,0,12923312,0,0,19.55,93644.59,65.21,34991.80,b0
967459421,0,12953366,0,0,19.39,93645.23,65.58,35106.96,b0
967459421,0,12983420,0,0,19.43,93647.73,65.68,34622.67,b0
967459421,0,13013474,0,0,19.49,93647.37,65.57,34454.91,b0
967459421,0,13043528,0,0,19.49,93649.51,65.44,34510.65,b0
967459421,0,13073582,0,0,19.45,93650.91,65.53,34594.59,b0
967459421,0,13103636,0,0,19.43,93648.16,65.61,34707.16,b0
967459421,0,13133690,0,0,19.43,93651.82,65.61,34482.76,b0
967459421,0,13163744,0,0,19.40,93651.92,65.67,34538.59,b0
967459421,0,13193798,0,0,19.43,93650.59,65.70,34233.75,b0
967459421,0,13223852,0,0,19.43,93650.94,65.58,34096.96,b0
967459421,0,13253906,0,0,19.43,93651.98,65.64,34233.75,b0
967459421,0,13283960,0,0,19.46,93651.10,65.59,33455.30,b0
967459421,0,13314014,0,0,19.47,93651.64,65.51,33376.79,b0
967459421,0,13344068,0,0,19.47,93652.63,65.51,33350.70,b0
967459421,0,13374122,0,0,19.48,93650.58,65.54,33350.70,b0
967459421,0,13404176,0,0,19.48,93650.58,65.57,32837.35,b0
967459421,0,13434230,0,0,19.48,93651.34,65.55,32586.56,b0
967459421,0,13464284,0,0,19.46,93649.77,65.63,32388.66,b0
967459421,0,13494338,0,0,19.48,93653.08,65.60,32024.02,b0
967459421,0,13524392,0,0,19.46,93649.87,65.57,31550.41,b0
967459421,0,13554446,0,0,19.48,93652.23,65.54,31620.55,b0
967459421,0,13584500,0,0,19.47,93653.33,65.55,31364.86,b0
967459421,0,13614554,0,0,19.49,93650.68,65.59,31181.49,b0
967459421,0,13644608,0,0,19.53,93649.77,65.48,31135.98,b0
967459421,0,13674662,0,0,19.52,93651.48,65.44,31364.86,b0
967459421,0,13704716,0,0,19.51,93651.79,65.43,31227.13,b0
967459421,0,13734770,0,0,19.50,93651.95,65.50,31738.16,b0
967459421,0,13764824,0,0,19.52,93652.20,65.50,31644.01,b0
967459421,0,13794878,0,0,19.55,93652.26,65.41,31204.29,b0
967459421,0,13824932,0,0,19.59,93652.65,65.33,31090.60,b0
967459421,0,13854986,0,0,19.61,93653.03,65.22,31227.13,b0
967459421,0,13885040,0,0,19.59,93653.03,65.21,30955.26,b0
967459421,0,13915094,0,0,19.56,93655.49,65.29,30910.41,b0
967459421,0,13945148,0,0,19.57,93653.70,65.28,30776.63,b0
967459421,0,13975202,0,0,19.59,93653.44,65.26,30776.63,b0
967459421,0,14005256,0,0,19.58,93652.46,65.28,30425.48,b0
967459421,0,14035310,0,0,19.57,93650.70,65.30,30754.45,b0
967459421,0,14065364,0,0,19.55,93651.38,65.33,30556.22,b0
967459421,0,14095418,0,0,19.54,93650.45,65.40,30231.46,b0
967459421,0,14125472,0,0,19.55,93652.48,65.36,30295.86,b0
967459421,0,14155526,0,0,19.56,93650.52,65.37,30167.33,b0
967459421,0,14185580,0,0,19.55,93651.38,65.39,30103.48,b0
967459421,0,14215634,0,0,19.56,93649.67,65.35,30103.48,b0
967459421,0,14245688,0,0,19.54,93649.45,65.34,30252.89,b0
967459421,0,14275742,0,0,19.54,93647.98,65.34,30103.48,b0
967459421,0,14305796,0,0,19.54,93646.92,65.37,30252.89,b0
967459421,0,14335850,0,0,19.56,93646.95,65.33,30167.33,b0
967459421,0,14365904,0,0,19.57,93648.60,65.27,30231.46,b0
967459421,0,14395958,0,0,19.58,93648.93,65.23,30732.29,b0
967459421,0,14426012,0,0,19.52,93647.86,65.30,30578.12,b0
967459421,0,14456066,0,0,19.47,93647.48,65.47,30556.22,b0
967459421,0,14486120,0,0,19.44,93646.67,65.57,30490.71,b0
967459421,0,14516174,0,0,19.46,93645.39,65.62,30644.00,b0
967459421,0,14546228,0,0,19.47,93645.84,65.56,30425.48,b0
967459421,0,14576282,0,0,19.46,93646.55,65.59,30490.71,b0
967459421,0,14606336,0,0,19.47,93646.18,65.58,30732.29,b0
967459421,0,14636390,0,0,19.43,93645.66,65.61,30534.35,b0
967459421,0,14666444,0,0,19.39,93644.35,65.79,30556.22,b0
967459421,0,14696498,0,0,19.41,93645.32,65.76,30556.22,b0
967459421,0,14726552,0,0,19.42,93648.50,65.75,30666.03,b0
967459421,0,14756606,0,0,19.40,93644.13,65.70,30776.63,b0
967459421,0,14786660,0,0,19.41,93644.98,65.68,30512.52,b0
967459421,0,14816714,0,0,19.40,93642.86,65.70,30360.53,b0
967459421,0,14846768,0,0,19.41,93641.23,65.70,30146.02,b0
967459421,0,14876822,0,0,19.44,93642.91,65.68,30382.15,b0
967459421,0,14906876,0,0,19.44,93641.02,65.66,30082.26,b0
967459421,0,14936930,0,0,19.45,93639.57,65.65,30231.46,b0
967459421,0,14966984,0,0,19.49,93640.57,65.65,30317.38,b0
967459421,0,14997038,0,0,19.49,93639.56,65.60,29955.54,b0
967459421,0,15027092,0,0,19.48,93639.12,65.55,30124.73,b0
967459421,0,15057146,0,0,19.50,93637.98,65.53,30103.48,b0
967459421,0,15087200,0,0,19.52,93638.03,65.50,29809.04,b0
967459421,0,15117254,0,0,19.52,93636.85,65.51,29913.53,b0
967459421,0,15147308,0,0,19.50,93638.50,65.48,29684.60,b0
967459421,0,15177362,0,0,19.48,93640.36,65.49,29337.61,b0
967459421,0,15207416,0,0,19.49,93637.98,65.52,29725.96,b0
967459421,0,15237470,0,0,19.50,93637.98,65.46,29561.20,b0
967459421,0,15267524,0,0,19.53,93638.13,65.44,29561.20,b0
967459421,0,15297578,0,0,19.52,93636.10,65.41,29809.04,b0
967459421,0,15327632,0,0,19.50,93636.77,65.48,29459.15,b0
967459421,0,15357686,0,0,19.50,93634.62,65.50,29643.35,b0
967459421,0,15387740,0,0,19.52,93634.58,65.47,29237.09,b0
967459421,0,15417794,0,0,19.54,93635.55,65.43,29459.15,b0
967459421,0,15447848,0,0,19.49,93636.91,65.46,29018.36,b0
967459421,0,15477902,0,0,19.45,93637.41,65.56,29117.38,b0
967459421,0,15507956,0,0,19.43,93635.03,65.59,28998.64,b0
967459421,0,15538010,0,0,19.41,93633.69,65.66,29018.36,b0
967459421,0,15568064,0,0,19.34,93635.63,65.71,29237.09,b0
967459421,0,15598118,0,0,19.28,93634.67,65.99,29398.25,b0
967459421,0,15628172,0,0,19.23,93635.86,66.12,29479.50,b0
967459421,0,15658226,0,0,19.28,93637.77,66.03,29418.53,b0
967459421,0,15688280,0,0,19.32,93634.07,65.93,29581.70,b0
967459421,0,15718334,0,0,19.34,93633.43,65.83,29561.20,b0
967459421,0,15748388,0,0,19.38,93633.41,65.78,29663.96,b0
967459421,0,15778442,0,0,19.41,93632.95,65.70,29459.15,b0
967459421,0,15808496,0,0,19.45,93634.23,65.62,29418.53,b0
967459421,0,15838550,0,0,19.42,93632.42,65.63,29459.15,b0
967459421,0,15868604,0,0,19.44,93632.84,65.61,29561.20,b0
967459421,0,15898658,0,0,19.44,93631.84,65.58,29418.53,b0
967459421,0,15928712,0,0,19.44,93629.64,65.55,29602.22,b0
967459421,0,15958766,0,0,19.42,93631.57,65.61,29418.53,b0
967459421,0,15988820,0,0,19.44,93631.20,65.60,29357.80,b0
967459421,0,16018874,0,0,19.44,93630.93,65.62,29297.32,b0
967459421,0,16048928,0,0,19.45,93629.18,65.58,29077.69,b0
967459421,0,16078982,0,0,19.44,93631.84,65.61,29097.52,b0
967459421,0,16109036,0,0,19.45,93630.80,65.59,28822.34,b0
967459421,0,16139090,0,0,19.46,93629.24,65.60,28802.88,b0
967459421,0,16169144,0,0,19.46,93629.18,65.54,28822.34,b0
967459421,0,16199198,0,0,19.46,93629.02,65.51,28822.34,b0
967459421,0,16229252,0,0,19.46,93629.74,65.51,28609.75,b0
967459421,0,16259306,0,0,19.44,93629.17,65.44,28822.34,b0
967459421,0,16289360,0,0,19.37,93631.29,65.55,28939.63,b0
967459421,0,16319414,0,0,19.36,93631.26,65.66,29117.38,b0
967459421,0,16349468,0,0,19.37,93630.32,65.63,28764.04,b0
967459421,0,16379522,0,0,19.39,93629.05,65.63,28705.99,b0
967459421,0,16409576,0,0,19.37,93627.41,65.67,28861.33,b0
967459421,0,16439630,0,0,19.37,93626.23,65.65,29257.14,b0
967459421,0,16469684,0,0,19.38,93623.62,65.62,28900.43,b0
967459421,0,16499738,0,0,19.38,93625.32,65.63,28822.34,b0
967459421,0,16529792,0,0,19.36,93624.93,65.66,28880.87,b0
967459421,0,16559846,0,0,19.34,93622.19,65.65,28841.82,b0
967459421,0,16589900,0,0,19.34,93623.31,65.67,28744.67,b0
967459421,0,16619954,0,0,19.27,93621.30,65.80,28920.02,b0
967459421,0,16650008,0,0,19.27,93620.13,65.86,28841.82,b0
967459421,0,16680062,0,0,19.30,93621.31,65.79,28802.88,b0
967459421,0,16710116,0,0,19.29,93622.35,65.74,29117.38,b0
967459421,0,16740170,0,0,19.29,93623.29,65.75,29097.52,b0
967459421,0,16770224,0,0,19.34,93623.49,65.69,29337.61,b0
967459421,0,16800278,0,0,19.36,93624.86,65.60,29057.89,b0
967459421,0,16830332,0,0,19.38,93621.59,65.56,29177.11,b0
967459421,0,16860386,0,0,19.37,93619.10,65.53,29018.36,b0
967459421,0,16890440,0,0,19.34,93617.35,65.63,29479.50,b0
967459421,0,16920494,0,0,19.31,93617.11,65.69,29418.53,b0
967459421,0,16950548,0,0,19.35,93616.81,65.63,29317.45,b0
967459421,0,16980602,0,0,19.38,93617.44,65.47,29520.29,b0
967459421,0,17010656,0,0,19.40,93615.39,65.37,29643.35,b0
967459421,0,17040710,0,0,19.40,93615.39,65.32,29663.96,b0
967459421,0,17070764,0,0,19.38,93615.75,65.33,29976.58,b0
967459421,0,17100818,0,0,19.34,93618.27,65.45,30082.26,b0
967459421,0,17130872,0,0,19.30,93616.70,65.55,30061.06,b0
967459421,0,17160926,0,0,19.28,93618.96,65.63,30082.26,b0
967459421,0,17190980,0,0,19.27,93618.95,65.68,29581.70,b0
967459421,0,17221034,0,0,19.22,93621.11,65.74,28822.34,b0
967459421,0,17251088,0,0,19.18,93618.23,65.81,28419.18,b0
967459421,0,17281142,0,0,19.08,93619.31,66.06,28533.21,b0
967459421,0,17311196,0,0,19.13,93620.80,66.09,28268.55,b0
967459421,0,17341250,0,0,19.19,93620.21,65.98,28064.02,b0
967459421,0,17371304,0,0,19.25,93619.79,65.82,28082.49,b0
967459421,0,17401358,0,0,19.26,93618.84,65.74,27935.40,b0
967459421,0,17431412,0,0,19.31,93620.45,65.66,27990.38,b0
967459421,0,17461466,0,0,19.31,93618.34,65.62,27807.95,b0
967459421,0,17491520,0,0,19.34,93619.61,65.55,27699.63,b0
967459421,0,17521574,0,0,19.39,93618.26,65.51,27327.07,b0
967459421,0,17551628,0,0,19.43,93618.51,65.37,27327.07,b0
967459421,0,17581682,0,0,19.44,93619.13,65.28,27432.49,b0
967459421,0,17611736,0,0,19.36,93621.34,65.30,27538.73,b0
967459421,0,17641790,0,0,19.29,93620.14,65.53,27880.64,b0
967459421,0,17671844,0,0,19.29,93619.48,65.57,27844.25,b0
967459421,0,17701898,0,0,19.25,93619.55,65.59,27862.43,b0
967459421,0,17731952,0,0,19.25,93619.21,65.67,27789.84,b0
967459421,0,17762006,0,0,19.29,93619.21,65.59,27699.63,b0
967459421,0,17792060,0,0,19.25,93616.00,65.51,28082.49,b0
967459421,0,17822114,0,0,19.23,93617.56,65.60,28609.75,b0
967459421,0,17852168,0,0,19.22,93617.12,65.63,28822.34,b0
967459421,0,17882222,0,0,19.23,93614.35,65.61,29237.09,b0
967459421,0,17912276,0,0,19.25,93614.44,65.58,29378.01,b0
967459421,0,17942330,0,0,19.30,93615.15,65.51,29357.80,b0
967459421,0,17972384,0,0,19.29,93613.57,65.51,29378.01,b0
967459421,0,18002438,0,0,19.32,93612.82,65.45,29297.32,b0
967459421,0,18032492,0,0,19.33,93611.48,65.41,29277.22,b0
967459421,0,18062546,0,0,19.30,93612.41,65.48,29297.32,b0
967459421,0,18092600,0,0,19.31,93611.85,65.51,29197.08,b0
967459421,0,18122654,0,0,19.32,93612.98,65.55,29337.61,b0
967459421,0,18152708,0,0,19.36,93612.94,65.42,28998.64,b0
967459421,0,18182762,0,0,19.41,93614.91,65.29,29237.09,b0
967459421,0,18212816,0,0,19.41,93615.37,65.23,28861.33,b0
967459421,0,18242870,0,0,19.39,93612.16,65.24,28920.02,b0
967459421,0,18272924,0,0,19.37,93612.62,65.33,28939.63,b0
967459421,0,18302978,0,0,19.42,93615.62,65.26,29277.22,b0
967459421,0,18333032,0,0,19.37,93612.96,65.23,29097.52,b0
967459421,0,18363086,0,0,19.32,93615.19,65.39,28978.95,b0
967459421,0,18393140,0,0,19.31,93615.33,65.48,28880.87,b0
967459421,0,18423194,0,0,19.31,93618.46,65.44,28920.02,b0
967459421,0,18453248,0,0,19.23,93616.42,65.42,30061.06,b0
967459421,0,18483302,0,0,19.18,93617.90,65.65,30888.03,b0
967459421,0,18513356,0,0,19.17,93617.63,65.71,31411.04,b0
967459421,0,18543410,0,0,19.24,93617.23,65.57,31832.88,b0
967459421,0,18573464,0,0,19.28,93617.99,65.42,31952.07,b0
967459421,0,18603518,0,0,19.26,93616.48,65.36,32266.20,b0
967459421,0,18633572,0,0,19.27,93616.67,65.35,32315.07,b0
967459421,0,18663626,0,0,19.28,93616.04,65.34,32388.66,b0
967459421,0,18693680,0,0,19.29,93614.59,65.42,32586.56,b0
967459421,0,18723734,0,0,19.29,93612.07,65.47,32586.56,b0
967459421,0,18753788,0,0,19.33,93613.73,65.34,32561.69,b0
967459421,0,18783842,0,0,19.29,93613.69,65.35,33429.09,b0
967459421,0,18813896,0,0,19.18,93611.80,65.52,33639.95,b0
967459421,0,18843950,0,0,19.15,93611.91,65.70,33746.37,b0
967459421,0,18874004,0,0,19.13,93608.89,65.81,33639.95,b0
967459421,0,18904058,0,0,19.15,93610.34,65.80,33455.30,b0
967459421,0,18934112,0,0,19.20,93609.32,65.74,33534.19,b0
967459421,0,18964166,0,0,19.24,93608.13,65.67,33429.09,b0
967459421,0,18994220,0,0,19.18,93606.95,65.72,33455.30,b0
967459421,0,19024274,0,0,19.12,93606.04,65.89,33693.08,b0
967459421,0,19054328,0,0,19.14,93606.94,65.89,33826.64,b0
967459421,0,19084382,0,0,19.19,93606.95,65.80,33455.30,b0
967459421,0,19114436,0,0,19.23,93607.02,65.73,33639.95,b0
967459421,0,19144490,0,0,19.27,93608.04,65.59,33988.32,b0
967459421,0,19174544,0,0,19.27,93606.22,65.52,34735.41,b0
967459421,0,19204598,0,0,19.31,93606.37,65.41,35049.29,b0
967459421,0,19234652,0,0,19.32,93604.11,65.38,35724.25,b0
967459421,0,19264706,0,0,19.27,93604.60,65.44,36962.17,b0
967459421,0,19294760,0,0,19.25,93602.93,65.52,37058.48,b0
967459421,0,19324814,0,0,19.27,93604.71,65.49,37481.70,b0
967459421,0,19354868,0,0,19.29,93602.90,65.45,37647.06,b0
967459421,0,19384922,0,0,19.30,93600.85,65.36,37982.20,b0
967459421,0,19414976,0,0,19.09,93599.15,65.78,38882.14,b0
967459421,0,19445030,0,0,18.98,93601.06,66.16,39714.55,b0
967459421,0,19475084,0,0,19.02,93602.27,66.25,39603.96,b0
967459421,0,19505138,0,0,19.09,93601.04,66.06,39751.55,b0
967459421,0,19535192,0,0,19.11,93604.45,66.03,39937.60,b0
967459421,0,19565246,0,0,19.15,93602.48,65.90,40163.16,b0
967459421,0,19595300,0,0,19.16,93599.55,65.91,40238.92,b0
967459421,0,19625354,0,0,19.13,93598.32,65.94,40933.80,b0
967459421,0,19655408,0,0,19.16,93599.89,65.88,40816.33,b0
967459421,0,19685462,0,0,19.20,93600.00,65.83,40894.57,b0
967459421,0,19715516,0,0,19.20,93593.43,65.67,41012.50,b0
967459421,0,19745570,0,0,19.00,93593.29,66.08,41734.59,b0
967459421,0,19775624,0,0,19.02,93592.53,66.16,41330.32,b0
967459421,0,19805678,0,0,19.04,93590.72,66.14,40973.11,b0
967459421,0,19835732,0,0,19.08,93592.88,66.01,40894.57,b0
967459421,0,19865786,0,0,19.08,93592.09,65.98,40933.80,b0
967459421,0,19895840,0,0,19.09,93592.67,66.00,40622.02,b0
967459421,0,19925894,0,0,19.13,93588.80,65.91,40583.39,b0
967459421,0,19955948,0,0,19.16,93587.85,65.85,40391.29,b0
967459421,0,19986002,0,0,19.13,93589.68,65.82,40314.96,b0
967459421,0,20016056,0,0,19.05,93588.40,66.05,39788.62,b0
967459421,0,20046110,0,0,19.06,93588.34,66.05,39493.98,b0
967459421,0,20076164,0,0,19.12,93587.16,65.95,39275.85,b0
967459421,0,20106218,0,0,19.17,93589.70,65.84,38220.36,b0
967459421,0,20136272,0,0,19.20,93588.16,65.76,37813.89,b0
967459421,0,20166326,0,0,19.21,93588.56,65.68,37547.67,b0
967459421,0,20196380,0,0,19.21,93588.56,65.62,37187.68,b0
967459421,0,20226434,0,0,19.21,93586.79,65.61,36771.04,b0
967459421,0,20256488,0,0,19.23,93587.77,65.59,36550.54,b0
967459421,0,20286542,0,0,19.13,93589.34,65.68,36581.88,b0
967459421,0,20316596,0,0,18.98,93583.76,66.00,37317.79,b0
967459421,0,20346650,0,0,18.98,93583.31,66.13,37155.30,b0
967459421,0,20376704,0,0,19.05,93583.60,65.99,37122.97,b0
967459421,0,20406758,0,0,19.10,93584.43,65.90,37187.68,b0
967459421,0,20436812,0,0,19.18,93584.91,65.75,36994.22,b0
967459421,0,20466866,0,0,19.21,93582.58,65.67,36866.36,b0
967459421,0,20496920,0,0,19.26,93579.83,65.55,36488.03,b0
967459421,0,20526974,0,0,19.29,93580.70,65.39,36147.98,b0
967459421,0,20557028,0,0,19.33,93576.55,65.31,35694.37,b0
967459421,0,20587082,0,0,19.33,93575.70,65.22,35754.19,b0
967459421,0,20617136,0,0,19.34,93575.42,65.19,35634.74,b0
967459421,0,20647190,0,0,19.34,93574.10,65.20,35339.59,b0
967459421,0,20677244,0,0,19.32,93575.34,65.23,34905.92,b0
967459421,0,20707298,0,0,19.25,93573.23,65.24,34991.80,b0
967459421,0,20737352,0,0,19.16,93574.03,65.54,35049.29,b0
967459421,0,20767406,0,0,19.12,93572.74,65.64,35078.11,b0
967459421,0,20797460,0,0,19.07,93573.09,65.77,35368.89,b0
967459421,0,20827514,0,0,19.09,93573.34,65.81,35457.06,b0
967459421,0,20857568,0,0,19.11,93574.40,65.75,35310.34,b0
967459421,0,20887622,0,0,19.13,93574.56,65.70,35398.23,b0
967459421,0,20917676,0,0,19.18,93571.27,65.64,34963.12,b0
967459421,0,20947730,0,0,19.19,93569.26,65.59,34934.50,b0
967459421,0,20977784,0,0,19.16,93569.40,65.57,34735.41,b0
967459421,0,21007838,0,0,19.16,93570.71,65.61,34650.79,b0
967459421,0,21037892,0,0,19.12,93569.78,65.67,34510.65,b0
967459421,0,21067946,0,0,19.13,93569.55,65.66,34622.67,b0
967459421,0,21098000,0,0,19.17,93568.80,65.62,34566.57,b0
967459421,0,21128054,0,0,19.20,93567.22,65.54,34792.06,b0
967459421,0,21158108,0,0,19.18,93570.70,65.51,34622.67,b0
967459421,0,21188162,0,0,19.18,93567.35,65.54,34678.95,b0
967459421,0,21218216,0,0,19.16,93566.32,65.54,34538.59,b0
967459421,0,21248270,0,0,19.16,93566.19,65.61,34454.91,b0
967459421,0,21278324,0,0,19.18,93565.13,65.52,34622.67,b0
967459421,0,21308378,0,0,19.20,93563.66,65.44,34510.65,b0
967459421,0,21338432,0,0,19.21,93564.04,65.34,35049.29,b0
967459421,0,21368486,0,0,19.19,93561.00,65.41,35545.68,b0
967459421,0,21398540,0,0,19.19,93562.19,65.39,35427.62,b0
967459421,0,21428594,0,0,19.20,93562.42,65.37,35339.59,b0
967459421,0,21458648,0,0,19.23,93562.16,65.33,35310.34,b0
967459421,0,21488702,0,0,19.25,93561.23,65.28,35135.88,b0
967459421,0,21518756,0,0,19.18,93560.45,65.29,35368.89,b0
967459421,0,21548810,0,0,19.12,93558.27,65.57,35814.21,b0
967459421,0,21578864,0,0,19.14,93558.20,65.58,35814.21,b0
967459421,0,21608918,0,0,19.12,93560.18,65.47,36178.63,b0
967459421,0,21638972,0,0,18.95,93555.95,65.80,36802.76,b0
967459421,0,21669026,0,0,18.86,93557.44,66.14,37448.80,b0
967459421,0,21699080,0,0,18.87,93555.84,66.19,37220.12,b0
967459421,0,21729134,0,0,18.91,93559.01,66.18,37155.30,b0
967459421,0,21759188,0,0,18.94,93557.89,66.07,37415.96,b0
967459421,0,21789242,0,0,18.96,93560.52,65.95,37481.70,b0
967459421,0,21819296,0,0,18.93,93558.54,66.01,37547.67,b0
967459421,0,21849350,0,0,18.97,93558.68,65.97,37187.68,b0
967459421,0,21879404,0,0,18.97,93559.88,65.91,37415.96,b0
967459421,0,21909458,0,0,18.99,93561.63,65.91,37350.45,b0
967459421,0,21939512,0,0,19.01,93559.62,65.87,37285.17,b0
967459421,0,21969566,0,0,18.98,93558.74,65.89,37317.79,b0
967459421,0,21999620,0,0,18.96,93557.22,65.96,37058.48,b0
967459421,0,22029674,0,0,18.92,93555.77,65.96,37383.18,b0
967459421,0,22059728,0,0,18.85,93554.27,66.17,37481.70,b0
967459421,0,22089782,0,0,18.88,93553.84,66.21,37058.48,b0
967459421,0,22119836,0,0,18.90,93551.95,66.12,36739.38,b0
967459421,0,22149890,0,0,18.94,93550.87,66.01,36707.77,b0
967459421,0,22179944,0,0,18.98,93551.41,65.90,36332.67,b0
967459421,0,22209998,0,0,18.98,93549.12,65.86,36270.90,b0
967459421,0,22240052,0,0,19.00,93548.73,65.82,36178.63,b0
967459421,0,22270106,0,0,19.04,93547.70,65.74,35784.18,b0
967459421,0,22300160,0,0,19.08,93548.22,65.64,35904.63,b0
967459421,0,22330214,0,0,19.11,93546.43,65.54,35784.18,b0
967459421,0,22360268,0,0,19.13,93548.11,65.49,35754.19,b0
967459421,0,22390322,0,0,19.11,93547.56,65.44,35784.18,b0
967459421,0,22420376,0,0,19.05,93546.79,65.61,36025.89,b0
967459421,0,22450430,0,0,19.01,93544.13,65.69,35965.16,b0
967459421,0,22480484,0,0,18.96,93543.63,65.83,36117.38,b0
967459421,0,22510538,0,0,18.99,93544.23,65.80,36056.34,b0
967459421,0,22540592,0,0,19.05,93539.02,65.71,35965.16,b0
967459421,0,22570646,0,0,19.11,93541.91,65.57,35934.87,b0
967459421,0,22600700,0,0,19.16,93542.36,65.43,35784.18,b0
967459421,0,22630754,0,0,19.12,93542.82,65.39,35995.50,b0
967459421,0,22660808,0,0,18.96,93543.53,65.74,36550.54,b0
967459421,0,22690862,0,0,18.97,93544.73,65.85,36394.66,b0
967459421,0,22720916,0,0,18.92,93541.91,65.90,36394.66,b0
967459421,0,22750970,0,0,18.91,93542.62,65.96,36456.85,b0
967459421,0,22781024,0,0,18.94,93542.85,65.91,36086.83,b0
967459421,0,22811078,0,0,18.97,93539.73,65.85,35934.87,b0
967459421,0,22841132,0,0,18.99,93543.49,65.75,35694.37,b0
967459421,0,22871186,0,0,18.96,93543.34,65.79,36025.89,b0
967459421,0,22901240,0,0,18.89,93543.29,65.97,36178.63,b0
967459421,0,22931294,0,0,18.92,93541.80,65.97,35844.30,b0
967459421,0,22961348,0,0,18.94,93542.18,65.99,35694.37,b0
967459421,0,22991402,0,0,18.89,93543.88,66.02,35724.25,b0
967459421,0,23021456,0,0,18.91,93542.95,66.05,35664.53,b0
967459421,0,23051510,0,0,18.92,93542.91,65.96,35516.09,b0
967459421,0,23081564,0,0,18.94,93542.61,66.01,35427.62,b0
967459421,0,23111618,0,0,18.96,93543.02,65.94,35339.59,b0
967459421,0,23141672,0,0,19.00,93542.20,65.86,35398.23,b0
967459421,0,23171726,0,0,19.00,93539.05,65.69,35310.34,b0
967459421,0,23201780,0,0,18.94,93542.18,65.85,35664.53,b0
967459421,0,23231834,0,0,18.94,93541.84,65.85,35664.53,b0
967459421,0,23261888,0,0,18.91,93540.99,65.88,35694.37,b0
967459421,0,23291942,0,0,18.88,93541.88,65.98,35934.87,b0
967459421,0,23321996,0,0,18.86,93543.80,66.02,36056.34,b0
967459421,0,23352050,0,0,18.86,93544.20,66.04,36086.83,b0
967459421,0,23382104,0,0,18.87,93545.52,66.02,35934.87,b0
967459421,0,23412158,0,0,18.86,93543.35,66.03,35965.16,b0
967459421,0,23442212,0,0,18.89,93542.36,66.05,35814.21,b0
967459421,0,23472266,0,0,18.93,93540.68,65.95,35664.53,b0
967459421,0,23502320,0,0,18.97,93541.84,65.82,35252.00,b0
967459421,0,23532374,0,0,19.01,93541.05,65.72,35368.89,b0
967459421,0,23562428,0,0,19.03,93540.32,65.66,35106.96,b0
967459421,0,23592482,0,0,19.03,93541.00,65.65,35078.11,b0
967459421,0,23622536,0,0,19.03,93540.15,65.63,34848.90,b0
967459421,0,23652590,0,0,19.04,93540.49,65.61,34678.95,b0
967459421,0,23682644,0,0,19.02,93538.70,65.60,34792.06,b0
967459421,0,23712698,0,0,19.02,93537.70,65.69,34594.59,b0
967459421,0,23742752,0,0,19.06,93540.66,65.60,34343.98,b0
967459421,0,23772806,0,0,19.06,93541.09,65.55,34316.36,b0
967459421,0,23802860,0,0,19.05,93539.67,65.53,34288.78,b0
967459421,0,23832914,0,0,19.06,93539.36,65.54,34124.23,b0
967459421,0,23862968,0,0,19.09,93538.80,65.46,34069.74,b0
967459421,0,23893022,0,0,19.04,93540.61,65.48,34454.91,b0
967459421,0,23923076,0,0,19.01,93542.40,65.61,34399.36,b0
967459421,0,23953130,0,0,19.00,93542.45,65.64,34454.91,b0
967459421,0,23983184,0,0,19.00,93540.06,65.67,34482.76,b0
967459421,0,24013238,0,0,19.03,93541.27,65.63,34427.11,b0
967459421,0,24043292,0,0,19.04,93545.34,65.60,34343.98,b0
967459421,0,24073346,0,0,18.86,93543.09,65.84,34454.91,b0
967459421,0,24103400,0,0,18.81,93542.75,66.16,34371.64,b0
967459421,0,24133454,0,0,18.81,93546.02,66.16,34069.74,b0
967459421,0,24163508,0,0,18.85,93545.00,66.13,33799.84,b0
967459421,0,24193562,0,0,18.85,93545.34,66.08,33746.37,b0
967459421,0,24223616,0,0,18.86,93544.60,66.06,33799.84,b0
967459421,0,24253670,0,0,18.86,93543.85,66.08,33934.25,b0
967459421,0,24283724,0,0,18.87,93542.13,66.11,33880.36,b0
967459421,0,24313778,0,0,18.85,93540.96,66.07,33853.48,b0
967459421,0,24343832,0,0,18.84,93541.20,66.11,33853.48,b0
967459421,0,24373886,0,0,18.89,93542.73,66.05,33719.70,b0
967459421,0,24403940,0,0,18.93,93541.98,65.90,33586.98,b0
967459421,0,24433994,0,0,18.93,93541.62,65.88,33246.75,b0
967459421,0,24464048,0,0,18.91,93540.30,65.96,33376.79,b0
967459421,0,24494102,0,0,18.96,93542.11,65.84,33169.21,b0
967459421,0,24524156,0,0,18.97,93543.32,65.81,33143.45,b0
967459421,0,24554210,0,0,18.91,93542.21,65.80,33350.70,b0
967459421,0,24584264,0,0,18.88,93539.77,65.93,33639.95,b0
967459421,0,24614318,0,0,18.86,93541.41,66.01,33507.85,b0
967459421,0,24644372,0,0,18.88,93541.20,66.00,33402.92,b0
967459421,0,24674426,0,0,18.84,93542.33,66.01,33298.65,b0
967459421,0,24704480,0,0,18.80,93542.27,66.18,33298.65,b0
967459421,0,24734534,0,0,18.84,93539.30,66.18,33220.87,b0
967459421,0,24764588,0,0,18.85,93538.98,66.09,33350.70,b0
967459421,0,24794642,0,0,18.86,93539.09,66.11,33143.45,b0
967459421,0,24824696,0,0,18.89,93536.38,66.00,33040.79,b0
967459421,0,24854750,0,0,18.92,93538.25,65.98,33040.79,b0
967459421,0,24884804,0,0,18.91,93535.34,66.00,33117.72,b0
967459421,0,24914858,0,0,18.93,93535.88,65.95,33066.39,b0
967459421,0,24944912,0,0,18.93,93536.02,65.89,33272.68,b0
967459421,0,24974966,0,0,18.88,93536.15,66.03,33988.32,b0
967459421,0,25005020,0,0,18.83,93536.58,66.13,34316.36,b0
967459421,0,25035074,0,0,18.82,93534.20,66.23,34650.79,b0
967459421,0,25065128,0,0,18.80,93533.85,66.23,34877.38,b0
967459421,0,25095182,0,0,18.82,93532.98,66.22,34820.46,b0
967459421,0,25125236,0,0,18.78,93530.95,66.28,35222.89,b0
967459421,0,25155290,0,0,18.80,93531.08,66.30,35193.84,b0
967459421,0,25185344,0,0,18.78,93533.05,66.27,35605.01,b0
967459421,0,25215398,0,0,18.78,93533.10,66.34,35784.18,b0
967459421,0,25245452,0,0,18.75,93530.15,66.39,35934.87,b0
967459421,0,25275506,0,0,18.69,93529.20,66.51,36332.67,b0
967459421,0,25305560,0,0,18.66,93528.38,66.69,36301.76,b0
967459421,0,25335614,0,0,18.74,93530.14,66.59,35995.50,b0
967459421,0,25365668,0,0,18.80,93527.66,66.44,35754.19,b0
967459421,0,25395722,0,0,18.82,93531.38,66.29,36178.63,b0
967459421,0,25425776,0,0,18.83,93532.54,66.29,36332.67,b0
967459421,0,25455830,0,0,18.85,93533.01,66.25,36301.76,b0
967459421,0,25485884,0,0,18.85,93531.99,66.22,36739.38,b0
967459421,0,25515938,0,0,18.80,93532.37,66.31,37122.97,b0
967459421,0,25545992,0,0,18.81,93534.25,66.31,37187.68,b0
967459421,0,25576046,0,0,18.82,93534.41,66.33,37350.45,b0
967459421,0,25606100,0,0,18.87,93534.62,66.22,37415.96,b0
967459421,0,25636154,0,0,18.89,93534.77,66.17,37383.18,b0
967459421,0,25666208,0,0,18.91,93531.77,66.08,37383.18,b0
967459421,0,25696262,0,0,18.94,93532.75,65.99,37680.30,b0
967459421,0,25726316,0,0,18.95,93533.88,65.98,37680.30,b0
967459421,0,25756370,0,0,18.93,93530.48,65.92,37914.69,b0
967459421,0,25786424,0,0,18.89,93529.59,66.06,38083.90,b0
967459421,0,25816478,0,0,18.90,93530.30,66.03,38016.04,b0
967459421,0,25846532,0,0,18.88,93526.81,66.06,38049.94,b0
967459421,0,25876586,0,0,18.88,93528.52,66.13,38083.90,b0
967459421,0,25906640,0,0,18.84,93525.82,66.17,38254.63,b0
967459421,0,25936694,0,0,18.77,93525.73,66.24,38323.35,b0
967459421,0,25966748,0,0,18.72,93524.11,66.50,38357.80,b0
967459421,0,25996802,0,0,18.75,93525.77,66.48,38152.01,b0
967459421,0,26026856,0,0,18.79,93524.15,66.38,37881.03,b0
967459421,0,26056910,0,0,18.82,93523.76,66.27,37847.43,b0
967459421,0,26086964,0,0,18.84,93524.05,66.22,37847.43,b0
967459421,0,26117018,0,0,18.85,93522.77,66.17,37383.18,b0
967459421,0,26147072,0,0,18.87,93520.63,66.10,37680.30,b0
967459421,0,26177126,0,0,18.92,93521.92,65.96,37580.74,b0
967459421,0,26207180,0,0,18.90,93520.58,66.01,37481.70,b0
967459421,0,26237234,0,0,18.92,93522.09,65.97,37026.32,b0
967459421,0,26267288,0,0,18.93,93523.42,65.95,37122.97,b0
967459421,0,26297342,0,0,18.94,93524.21,65.89,36898.24,b0
967459421,0,26327396,0,0,18.96,93522.58,65.84,36739.38,b0
967459421,0,26357450,0,0,18.94,93521.43,65.84,36834.53,b0
967459421,0,26387504,0,0,18.93,93521.73,65.88,36363.64,b0
967459421,0,26417558,0,0,18.92,93522.04,65.90,36301.76,b0
967459421,0,26447612,0,0,18.88,93522.06,65.85,36425.73,b0
967459421,0,26477666,0,0,18.78,93519.16,66.10,36834.53,b0
967459421,0,26507720,0,0,18.80,93518.73,66.13,36866.36,b0
967459421,0,26537774,0,0,18.85,93520.20,66.03,36676.22,b0
967459421,0,26567828,0,0,18.85,93518.43,65.97,36962.17,b0
967459421,0,26597882,0,0,18.86,93515.81,65.95,37026.32,b0
967459421,0,26627936,0,0,18.88,93515.27,65.91,37026.32,b0
967459421,0,26657990,0,0,18.86,93514.59,65.92,36962.17,b0
967459421,0,26688044,0,0,18.82,93514.67,65.94,37058.48,b0
967459421,0,26718098,0,0,18.79,93514.20,66.04,37122.97,b0
967459421,0,26748152,0,0,18.76,93512.17,66.13,37383.18,b0
967459421,0,26778206,0,0,18.76,93510.19,66.14,37415.96,b0
967459421,0,26808260,0,0,18.82,93510.41,66.06,37514.65,b0
967459421,0,26838314,0,0,18.82,93510.63,65.99,37647.06,b0
967459421,0,26868368,0,0,18.82,93509.18,65.95,37090.70,b0
967459421,0,26898422,0,0,18.81,93508.46,65.97,37285.17,b0
967459421,0,26928476,0,0,18.81,93506.80,65.99,37383.18,b0
967459421,0,26958530,0,0,18.82,93508.00,65.98,37350.45,b0
967459421,0,26988584,0,0,18.79,93506.67,65.93,37613.87,b0
967459421,0,27018638,0,0,18.75,93508.17,66.05,37881.03,b0
967459421,0,27048692,0,0,18.76,93507.49,66.05,37547.67,b0
967459421,0,27078746,0,0,18.79,93505.74,65.97,37415.96,b0
967459421,0,27108800,0,0,18.83,93506.18,65.90,37317.79,b0
967459421,0,27138854,0,0,18.88,93505.27,65.78,37350.45,b0
967459421,0,27168908,0,0,18.89,93503.94,65.71,37220.12,b0
967459421,0,27198962,0,0,18.88,93503.09,65.69,37220.12,b0
967459421,0,27229016,0,0,18.75,93505.31,65.83,37317.79,b0
967459421,0,27259070,0,0,18.71,93504.30,66.05,36707.77,b0
967459421,0,27289124,0,0,18.71,93505.94,66.10,36739.38,b0
967459421,0,27319178,0,0,18.68,93503.91,66.14,36834.53,b0
967459421,0,27349232,0,0,18.64,93503.29,66.22,36994.22,b0
967459421,0,27379286,0,0,18.62,93504.21,66.39,36707.77,b0
967459421,0,27409340,0,0,18.64,93503.29,66.34,36676.22,b0
967459421,0,27439394,0,0,18.70,93502.63,66.21,36425.73,b0
967459421,0,27469448,0,0,18.76,93505.81,66.09,36117.38,b0
967459421,0,27499502,0,0,18.79,93503.54,65.93,35844.30,b0
967459421,0,27529556,0,0,18.79,93503.05,65.88,35427.62,b0
967459421,0,27559610,0,0,18.76,93503.45,65.87,35135.88,b0
967459421,0,27589664,0,0,18.75,93503.13,65.97,34877.38,b0
967459421,0,27619718,0,0,18.74,93504.79,65.94,34735.41,b0
967459421,0,27649772,0,0,18.70,93505.91,65.99,34538.59,b0
967459421,0,27679826,0,0,18.75,93505.98,65.95,34316.36,b0
967459421,0,27709880,0,0,18.77,93504.91,65.88,34427.11,b0
967459421,0,27739934,0,0,18.77,93501.47,65.82,34124.23,b0
967459421,0,27769988,0,0,18.78,93503.63,65.82,34015.41,b0
967459421,0,27800042,0,0,18.78,93500.98,65.78,33826.64,b0
967459421,0,27830096,0,0,18.79,93500.34,65.72,33666.49,b0
967459421,0,27860150,0,0,18.77,93499.80,65.78,33455.30,b0
967459421,0,27890204,0,0,18.78,93498.70,65.79,33376.79,b0
967459421,0,27920258,0,0,18.78,93500.09,65.72,33376.79,b0
967459421,0,27950312,0,0,18.76,93499.41,65.75,33376.79,b0
967459421,0,27980366,0,0,18.77,93499.97,65.77,33298.65,b0
967459421,0,28010420,0,0,18.76,93497.92,65.74,33429.09,b0
967459421,0,28040474,0,0,18.72,93501.48,65.82,33324.66,b0
967459421,0,28070528,0,0,18.69,93499.55,65.92,33298.65,b0
967459421,0,28100582,0,0,18.69,93498.43,65.90,33066.39,b0
967459421,0,28130636,0,0,18.70,93498.42,65.90,33169.21,b0
967459421,0,28160690,0,0,18.72,93499.55,65.82,33195.02,b0
967459421,0,28190744,0,0,18.73,93499.59,65.74,33298.65,b0
967459421,0,28220798,0,0,18.73,93502.18,65.79,33143.45,b0
967459421,0,28250852,0,0,18.73,93500.78,65.75,32964.20,b0
967459421,0,28280906,0,0,18.69,93501.25,65.74,33066.39,b0
967459421,0,28310960,0,0,18.69,93502.34,65.82,33015.22,b0
967459421,0,28341014,0,0,18.70,93500.91,65.75,33092.04,b0
967459421,0,28371068,0,0,18.70,93500.94,65.74,33040.79,b0
967459421,0,28401122,0,0,18.71,93500.73,65.75,32862.64,b0
967459421,0,28431176,0,0,18.73,93498.30,65.70,32686.41,b0
967459421,0,28461230,0,0,18.74,93497.98,65.68,32536.86,b0
967459421,0,28491284,0,0,18.77,93497.43,65.64,32512.06,b0
967459421,0,28521338,0,0,18.76,93496.88,65.54,32512.06,b0
967459421,0,28551392,0,0,18.74,93496.82,65.62,32144.65,b0
967459421,0,28581446,0,0,18.75,93497.78,65.61,32096.29,b0
967459421,0,28611500,0,0,18.80,93498.28,65.52,31880.45,b0
967459421,0,28641554,0,0,18.78,93495.09,65.52,31856.64,b0
967459421,0,28671608,0,0,18.81,93497.34,65.43,31714.57,b0
967459421,0,28701662,0,0,18.78,93494.83,65.44,31573.75,b0
967459421,0,28731716,0,0,18.75,93496.23,65.50,31457.36,b0
967459421,0,28761770,0,0,18.76,93498.53,65.53,31387.94,b0
967459421,0,28791824,0,0,18.79,93497.74,65.47,31181.49,b0
967459421,0,28821878,0,0,18.79,93501.75,65.41,31272.90,b0
967459421,0,28851932,0,0,18.77,93501.20,65.46,31090.60,b0
967459421,0,28881986,0,0,18.76,93501.52,65.47,30910.41,b0
967459421,0,28912040,0,0,18.77,93500.53,65.50,30776.63,b0
967459421,0,28942094,0,0,18.79,93499.84,65.39,30710.17,b0
967459421,0,28972148,0,0,18.77,93501.41,65.42,30556.22,b0
967459421,0,29002202,0,0,18.77,93501.83,65.46,30403.80,b0
967459421,0,29032256,0,0,18.78,93503.02,65.46,30231.46,b0
967459421,0,29062310,0,0,18.79,93504.48,65.43,30167.33,b0
967459421,0,29092364,0,0,18.81,93502.34,65.39,30274.36,b0
967459421,0,29122418,0,0,18.80,93502.74,65.39,29871.64,b0
967459421,0,29152472,0,0,18.82,93503.51,65.35,29871.64,b0
967459421,0,29182526,0,0,18.79,93500.00,65.33,29913.53,b0
967459421,0,29212580,0,0,18.77,93500.35,65.41,29997.66,b0
967459421,0,29242634,0,0,18.76,93501.27,65.44,29892.57,b0
967459421,0,29272688,0,0,18.79,93499.59,65.42,29955.54,b0
967459421,0,29302742,0,0,18.82,93495.53,65.30,29871.64,b0
967459421,0,29332796,0,0,18.84,93496.99,65.28,29850.75,b0
967459421,0,29362850,0,0,18.81,93494.35,65.23,29871.64,b0
967459421,0,29392904,0,0,18.76,93492.59,65.37,29913.53,b0
967459421,0,29422958,0,0,18.76,93489.14,65.37,29955.54,b0
967459421,0,29453012,0,0,18.78,93487.92,65.32,29976.58,b0
967459421,0,29483066,0,0,18.77,93484.91,65.32,30082.26,b0
967459421,0,29513120,0,0,18.76,93485.39,65.30,29976.58,b0
967459421,0,29543174,0,0,18.75,93486.67,65.35,29997.66,b0
967459421,0,29573228,0,0,18.74,93486.59,65.35,29976.58,b0
967459421,0,29603282,0,0,18.69,93484.95,65.44,29892.57,b0
967459421,0,29633336,0,0,18.67,93488.41,65.55,29934.52,b0
967459421,0,29663390,0,0,18.68,93490.16,65.54,30039.90,b0
967459421,0,29693444,0,0,18.71,93490.95,65.43,30167.33,b0
967459421,0,29723498,0,0,18.73,93490.34,65.37,30039.90,b0
967459421,0,29753552,0,0,18.73,93491.68,65.32,30082.26,b0
967459421,0,29783606,0,0,18.78,93494.20,65.28,30082.26,b0
967459421,0,29813660,0,0,18.73,93495.11,65.20,30317.38,b0
967459421,0,29843714,0,0,18.70,93495.94,65.37,30534.35,b0
967459421,0,29873768,0,0,18.70,93496.48,65.41,30600.05,b0
967459421,0,29903822,0,0,18.72,93497.03,65.37,30556.22,b0
967459421,0,29933876,0,0,18.76,93496.42,65.31,30490.71,b0
967459421,0,29963930,0,0,18.77,93495.77,65.26,30425.48,b0
967459421,0,29993984,0,0,18.81,93499.03,65.14,30447.19,b0
967459421,0,30024038,0,0,18.81,93501.05,65.14,30382.15,b0
967459421,0,30054092,0,0,18.75,93500.86,65.21,30534.35,b0
967459421,0,30084146,0,0,18.74,93500.05,65.27,30666.03,b0
967459421,0,30114200,0,0,18.76,93500.79,65.24,30688.08,b0
967459421,0,30144254,0,0,18.77,93500.87,65.20,30644.00,b0
967459421,0,30174308,0,0,18.76,93502.27,65.22,30732.29,b0
967459421,0,30204362,0,0,18.76,93505.67,65.29,30688.08,b0
967459421,0,30234416,0,0,18.82,93506.31,65.20,30578.12,b0
967459421,0,30264470,0,0,18.84,93506.41,65.06,30490.71,b0
967459421,0,30294524,0,0,18.84,93508.05,65.02,30403.80,b0
967459421,0,30324578,0,0,18.80,93507.84,65.09,30317.38,b0
967459421,0,30354632,0,0,18.75,93507.48,65.18,30252.89,b0
967459421,0,30384686,0,0,18.72,93511.57,65.21,30082.26,b0
967459421,0,30414740,0,0,18.66,93511.26,65.31,30210.05,b0
967459421,0,30444794,0,0,18.65,93510.38,65.40,30210.05,b0
967459421,0,30474848,0,0,18.65,93509.45,65.50,30210.05,b0
967459421,0,30504902,0,0,18.72,93512.31,65.43,30210.05,b0
967459421,0,30534956,0,0,18.74,93511.98,65.32,30146.02,b0
967459421,0,30565010,0,0,18.80,93514.35,65.19,29955.54,b0
967459421,0,30595064,0,0,18.82,93514.54,65.09,29892.57,b0
967459421,0,30625118,0,0,18.81,93516.11,65.08,29892.57,b0
967459421,0,30655172,0,0,18.79,93518.92,65.13,29892.57,b0
967459421,0,30685226,0,0,18.80,93519.23,65.16,29871.64,b0
967459421,0,30715280,0,0,18.84,93517.45,65.04,29663.96,b0
967459421,0,30745334,0,0,18.82,93515.34,65.05,29622.77,b0
967459421,0,30775388,0,0,18.82,93516.80,65.12,29520.29,b0
967459421,0,30805442,0,0,18.80,93515.59,65.10,29398.25,b0
967459421,0,30835496,0,0,18.77,93516.39,65.14,29197.08,b0
967459421,0,30865550,0,0,18.75,93516.68,65.25,29177.11,b0
967459421,0,30895604,0,0,18.76,93516.50,65.24,29097.52,b0
967459421,0,30925658,0,0,18.82,93516.08,65.10,29038.11,b0
967459421,0,30955712,0,0,18.80,93517.35,65.12,29057.89,b0
967459421,0,30985766,0,0,18.78,93514.47,65.15,29257.14,b0
967459421,0,31015820,0,0,18.74,93516.94,65.25,29077.69,b0
967459421,0,31045874,0,0,18.71,93519.41,65.32,29277.22,b0
967459421,0,31075928,0,0,18.72,93521.07,65.40,29038.11,b0
967459421,0,31105982,0,0,18.71,93514.30,65.39,28998.64,b0
967459421,0,31136036,0,0,18.71,93515.99,65.33,29057.89,b0
967459421,0,31166090,0,0,18.60,93518.41,65.51,28939.63,b0
967459421,0,31196144,0,0,18.56,93518.15,65.72,28744.67,b0
967459421,0,31226198,0,0,18.48,93517.21,65.85,29077.69,b0
967459421,0,31256252,0,0,18.46,93517.99,66.00,29297.32,b0
967459421,0,31286306,0,0,18.50,93517.07,65.98,29337.61,b0
967459421,0,31316360,0,0,18.54,93517.88,65.85,29378.01,b0
967459421,0,31346414,0,0,18.59,93516.21,65.76,29520.29,b0
967459421,0,31376468,0,0,18.62,93516.70,65.73,29725.96,b0
967459421,0,31406522,0,0,18.67,93516.69,65.61,29829.88,b0
967459421,0,31436576,0,0,18.67,93515.61,65.55,29850.75,b0
967459421,0,31466630,0,0,18.66,93513.17,65.61,29955.54,b0
967459421,0,31496684,0,0,18.67,93515.17,65.67,30103.48,b0
967459421,0,31526738,0,0,18.69,93513.85,65.60,30039.90,b0
967459421,0,31556792,0,0,18.74,93512.02,65.48,30188.68,b0
967459421,0,31586846,0,0,18.75,93510.70,65.43,30231.46,b0
967459421,0,31616900,0,0,18.77,93512.86,65.42,30382.15,b0
967459421,0,31646954,0,0,18.80,93514.69,65.37,30732.29,b0
967459421,0,31677008,0,0,18.79,93514.75,65.34,31045.36,b0
967459421,0,31707062,0,0,18.75,93513.28,65.36,31387.94,b0
967459421,0,31737116,0,0,18.73,93512.27,65.45,31714.57,b0
967459421,0,31767170,0,0,18.75,93510.87,65.46,31644.01,b0
967459421,0,31797224,0,0,18.81,93513.79,65.33,31785.45,b0
967459421,0,31827278,0,0,18.81,93515.54,65.26,32000.00,b0
967459421,0,31857332,0,0,18.78,93514.36,65.32,32193.16,b0
967459421,0,31887386,0,0,18.77,93515.89,65.42,32193.16,b0
967459421,0,31917440,0,0,18.63,93514.22,65.58,32887.98,b0
967459421,0,31947494,0,0,18.56,93516.23,65.90,33402.92,b0
967459421,0,31977548,0,0,18.52,93513.52,65.99,33988.32,b0
967459421,0,32007602,0,0,18.52,93518.90,66.05,34399.36,b0
967459421,0,32037656,0,0,18.50,93517.45,66.16,34622.67,b0
967459421,0,32067710,0,0,18.52,93514.86,66.14,34566.57,b0
967459421,0,32097764,0,0,18.54,93517.80,66.10,34820.46,b0
967459421,0,32127818,0,0,18.56,93518.42,66.10,34678.95,b0
967459421,0,32157872,0,0,18.54,93519.38,66.13,35135.88,b0
967459421,0,32187926,0,0,18.55,93520.23,66.15,35193.84,b0
967459421,0,32217980,0,0,18.59,93521.52,66.10,35106.96,b0
967459421,0,32248034,0,0,18.58,93520.22,66.03,35575.32,b0
967459421,0,32278088,0,0,18.50,93516.53,66.19,36025.89,b0
967459421,0,32308142,0,0,18.39,93520.24,66.52,36301.76,b0
967459421,0,32338196,0,0,18.39,93520.20,66.63,36332.67,b0
967459421,0,32368250,0,0,18.27,93522.97,66.96,36962.17,b0
967459421,0,32398304,0,0,18.32,93521.63,67.01,36771.04,b0
967459421,0,32428358,0,0,18.40,93521.07,66.91,37058.48,b0
967459421,0,32458412,0,0,18.37,93522.51,66.92,37813.89,b0
967459421,0,32488466,0,0,18.40,93523.38,66.90,37547.67,b0
967459421,0,32518520,0,0,18.44,93523.85,66.79,37746.98,b0
967459421,0,32548574,0,0,18.48,93525.80,66.81,37647.06,b0
967459421,0,32578628,0,0,18.41,93527.03,66.91,37881.03,b0
967459421,0,32608682,0,0,18.41,93527.91,66.95,37317.79,b0
967459421,0,32638736,0,0,18.44,93528.41,66.87,37415.96,b0
967459421,0,32668790,0,0,18.48,93527.59,66.80,37350.45,b0
967459421,0,32698844,0,0,18.56,93529.77,66.65,37187.68,b0
967459421,0,32728898,0,0,18.60,93529.11,66.46,37415.96,b0
967459421,0,32758952,0,0,18.50,93531.34,66.56,38016.04,b0
967459421,0,32789006,0,0,18.54,93532.34,66.60,37746.98,b0
967459421,0,32819060,0,0,18.59,93533.30,66.52,37813.89,b0
967459421,0,32849114,0,0,18.62,93532.36,66.45,37948.41,b0
967459421,0,32879168,0,0,18.60,93534.02,66.48,38083.90,b0
967459421,0,32909222,0,0,18.59,93533.81,66.54,38117.93,b0
967459421,0,32939276,0,0,18.62,93534.51,66.47,38049.94,b0
967459421,0,32969330,0,0,18.66,93535.33,66.41,37881.03,b0
967459421,0,32999384,0,0,18.62,93530.31,66.35,38117.93,b0
967459421,0,33029438,0,0,18.42,93530.48,66.89,38426.90,b0
967459421,0,33059492,0,0,18.41,93530.34,67.14,38323.35,b0
967459421,0,33089546,0,0,18.44,93530.36,67.06,37948.41,b0
967459421,0,33119600,0,0,18.29,93535.02,67.34,38357.80,b0
967459421,0,33149654,0,0,18.22,93533.77,67.67,38531.00,b0
967459421,0,33179708,0,0,18.27,93531.27,67.62,38461.54,b0
967459421,0,33209762,0,0,18.31,93534.30,67.45,38392.32,b0
967459421,0,33239816,0,0,18.12,93532.72,67.77,38392.32,b0
967459421,0,33269870,0,0,18.14,93531.95,68.00,38220.36,b0
967459421,0,33299924,0,0,18.11,93536.56,68.09,37780.40,b0
967459421,0,33329978,0,0,18.18,93532.05,67.96,37252.62,b0
967459421,0,33360032,0,0,18.13,93530.21,68.05,37680.30,b0
967459421,0,33390086,0,0,18.20,93534.73,67.95,37220.12,b0
967459421,0,33420140,0,0,18.25,93534.39,67.80,37350.45,b0
967459421,0,33450194,0,0,18.31,93531.15,67.63,37415.96,b0
967459421,0,33480248,0,0,18.29,93532.61,67.65,38392.32,b0
967459421,0,33510302,0,0,18.20,93531.95,67.91,39203.68,b0
967459421,0,33540356,0,0,18.18,93532.45,68.06,39567.23,b0
967459421,0,33570410,0,0,18.27,93533.02,67.92,39312.04,b0
967459421,0,33600464,0,0,18.35,93533.44,67.69,39530.57,b0
967459421,0,33630518,0,0,18.41,93531.59,67.49,39530.57,b0
967459421,0,33660572,0,0,18.44,93527.20,67.38,39457.46,b0
967459421,0,33690626,0,0,18.50,93530.07,67.28,38988.73,b0
967459421,0,33720680,0,0,18.45,93529.48,67.25,39275.85,b0
967459421,0,33750734,0,0,18.44,93528.91,67.36,39275.85,b0
967459421,0,33780788,0,0,18.48,93530.06,67.28,39095.91,b0
967459421,0,33810842,0,0,18.48,93531.13,67.26,38988.73,b0
967459421,0,33840896,0,0,18.52,93533.25,67.23,38811.40,b0
967459421,0,33870950,0,0,18.54,93532.01,67.08,38531.00,b0
967459421,0,33901004,0,0,18.49,93534.24,67.12,38882.14,b0
967459421,0,33931058,0,0,18.36,93535.89,67.41,39095.91,b0
967459421,0,33961112,0,0,18.34,93535.00,67.54,39060.12,b0
967459421,0,33991166,0,0,18.34,93538.00,67.60,39060.12,b0
967459421,0,34021220,0,0,18.38,93536.43,67.50,38917.61,b0
967459421,0,34051274,0,0,18.27,93540.35,67.59,39348.29,b0
967459421,0,34081328,0,0,18.18,93538.78,67.97,39131.77,b0
967459421,0,34111382,0,0,18.24,93541.74,67.92,38740.92,b0
967459421,0,34141436,0,0,18.28,93540.21,67.79,38670.70,b0
967459421,0,34171490,0,0,18.32,93542.34,67.69,38600.72,b0
967459421,0,34201544,0,0,18.37,93543.70,67.58,38496.24,b0
967459421,0,34231598,0,0,18.36,93542.73,67.57,38496.24,b0
967459421,0,34261652,0,0,18.40,93542.78,67.49,38220.36,b0
967459421,0,34291706,0,0,18.45,93540.09,67.33,38254.63,b0
967459421,0,34321760,0,0,18.49,93540.48,67.24,38016.04,b0
967459421,0,34351814,0,0,18.50,93542.19,67.14,37813.89,b0
967459421,0,34381868,0,0,18.52,93545.92,67.12,37780.40,b0
967459421,0,34411922,0,0,18.53,93544.56,67.09,37514.65,b0
967459421,0,34441976,0,0,18.55,93546.28,67.07,37383.18,b0
967459421,0,34472030,0,0,18.58,93542.77,67.03,37547.67,b0
967459421,0,34502084,0,0,18.58,93543.89,67.00,37317.79,b0
967459421,0,34532138,0,0,18.56,93544.07,67.05,37317.79,b0
967459421,0,34562192,0,0,18.52,93543.40,67.08,37481.70,b0
967459421,0,34592246,0,0,18.53,93544.12,67.15,37580.74,b0
967459421,0,34622300,0,0,18.53,93543.98,67.19,37514.65,b0
967459421,0,34652354,0,0,18.53,93545.45,67.14,37813.89,b0
967459421,0,34682408,0,0,18.47,93545.46,67.28,38016.04,b0
967459421,0,34712462,0,0,18.47,93545.29,67.33,37948.41,b0
967459421,0,34742516,0,0,18.50,93543.25,67.31,37813.89,b0
967459421,0,34772570,0,0,18.50,93545.72,67.31,37580.74,b0
967459421,0,34802624,0,0,18.47,93546.32,67.41,37813.89,b0
967459421,0,34832678,0,0,18.48,93547.51,67.46,37547.67,b0
967459421,0,34862732,0,0,18.47,93551.93,67.50,37448.80,b0
967459421,0,34892786,0,0,18.40,93549.97,67.47,37220.12,b0
967459421,0,34922840,0,0,18.22,93547.74,67.92,37252.62,b0
967459421,0,34952894,0,0,18.21,93550.20,68.14,36771.04,b0
967459421,0,34982948,0,0,18.26,93549.88,68.14,36456.85,b0
967459421,0,35013002,0,0,18.36,93551.71,67.94,36025.89,b0
967459421,0,35043056,0,0,18.28,93553.02,67.84,36488.03,b0
967459421,0,35073110,0,0,18.17,93554.00,68.20,36898.24,b0
967459421,0,35103164,0,0,18.23,93552.72,68.21,36456.85,b0
967459421,0,35133218,0,0,18.29,93553.52,68.09,36488.03,b0
967459421,0,35163272,0,0,18.31,93553.70,67.92,36866.36,b0
967459421,0,35193326,0,0,18.27,93553.59,67.90,37514.65,b0
967459421,0,35223380,0,0,18.28,93556.38,68.01,37713.61,b0
967459421,0,35253434,0,0,18.31,93557.73,67.94,37780.40,b0
967459421,0,35283488,0,0,18.36,93559.51,67.82,37613.87,b0
967459421,0,35313542,0,0,18.40,93559.65,67.71,37252.62,b0
967459421,0,35343596,0,0,18.38,93560.18,67.72,37285.17,b0
967459421,0,35373650,0,0,18.36,93561.80,67.77,37547.67,b0
967459421,0,35403704,0,0,18.37,93561.77,67.71,37547.67,b0
967459421,0,35433758,0,0,18.40,93563.27,67.65,37547.67,b0
967459421,0,35463812,0,0,18.42,93562.98,67.60,37220.12,b0
967459421,0,35493866,0,0,18.40,93562.64,67.61,37580.74,b0
967459421,0,35523920,0,0,18.40,93564.42,67.58,37914.69,b0
967459421,0,35553974,0,0,18.34,93563.66,67.73,38220.36,b0
967459421,0,35584028,0,0,18.39,93564.75,67.76,37914.69,b0
967459421,0,35614082,0,0,18.44,93567.66,67.57,37780.40,b0
967459421,0,35644136,0,0,18.49,93571.95,67.48,37383.18,b0
967459421,0,35674190,0,0,18.39,93572.76,67.46,37647.06,b0
967459421,0,35704244,0,0,18.36,93572.56,67.67,37580.74,b0
967459421,0,35734298,0,0,18.21,93571.15,67.98,38049.94,b0
967459421,0,35764352,0,0,18.21,93571.40,68.18,38254.63,b0
967459421,0,35794406,0,0,18.23,93571.82,68.17,38220.36,b0
967459421,0,35824460,0,0,18.31,93573.29,68.05,38016.04,b0
967459421,0,35854514,0,0,18.33,93569.63,67.97,37881.03,b0
967459421,0,35884568,0,0,18.32,93573.25,67.92,37780.40,b0
967459421,0,35914622,0,0,18.27,93572.77,68.05,37780.40,b0
967459421,0,35944676,0,0,18.33,93573.78,68.04,37220.12,b0
967459421,0,35974730,0,0,18.37,93576.12,67.92,37481.70,b0
967459421,0,36004784,0,0,18.34,93578.41,67.91,37713.61,b0
967459421,0,36034838,0,0,18.33,93577.65,67.95,37881.03,b0
967459421,0,36064892,0,0,18.29,93576.81,67.99,38220.36,b0
967459421,0,36094946,0,0,18.27,93580.08,68.11,38635.68,b0
967459421,0,36125000,0,0,18.23,93580.79,68.25,38882.14,b0
967459421,0,36155054,0,0,18.18,93579.22,68.39,39275.85,b0
967459421,0,36185108,0,0,18.11,93583.68,68.65,39825.76,b0
967459421,0,36215162,0,0,18.10,93586.13,68.79,40163.16,b0
967459421,0,36245216,0,0,18.20,93585.03,68.65,39937.60,b0
967459421,0,36275270,0,0,18.27,93583.43,68.39,39751.55,b0
967459421,0,36305324,0,0,18.31,93584.22,68.25,39677.62,b0
967459421,0,36335378,0,0,18.23,93581.32,68.38,40276.90,b0
967459421,0,36365432,0,0,18.13,93584.79,68.66,40544.82,b0
967459421,0,36395486,0,0,18.01,93585.63,69.04,40738.38,b0
967459421,0,36425540,0,0,18.07,93584.41,69.01,40201.00,b0
967459421,0,36455594,0,0,18.16,93585.78,68.86,39788.62,b0
967459421,0,36485648,0,0,18.25,93584.46,68.61,39825.76,b0
967459421,0,36515702,0,0,18.28,93583.91,68.46,39457.46,b0
967459421,0,36545756,0,0,18.32,93584.29,68.32,39167.69,b0
967459421,0,36575810,0,0,18.30,93582.89,68.29,39677.62,b0
967459421,0,36605864,0,0,18.28,93585.32,68.38,39493.98,b0
967459421,0,36635918,0,0,18.27,93586.29,68.39,39640.75,b0
967459421,0,36665972,0,0,18.20,93588.14,68.49,39677.62,b0
967459421,0,36696026,0,0,18.21,93588.23,68.59,39384.62,b0
967459421,0,36726080,0,0,18.24,93586.99,68.54,39060.12,b0
967459421,0,36756134,0,0,18.29,93586.34,68.42,39024.39,b0
967459421,0,36786188,0,0,18.29,93588.92,68.34,39095.91,b0
967459421,0,36816242,0,0,18.28,93589.51,68.34,39131.77,b0
967459421,0,36846296,0,0,18.21,93590.01,68.50,39275.85,b0
967459421,0,36876350,0,0,18.18,93591.84,68.62,39348.29,b0
967459421,0,36906404,0,0,18.22,93590.60,68.62,39131.77,b0
967459421,0,36936458,0,0,18.25,93591.87,68.55,39167.69,b0
967459421,0,36966512,0,0,18.29,93591.91,68.44,39024.39,b0
967459421,0,36996566,0,0,18.35,93595.77,68.31,38740.92,b0
967459421,0,37026620,0,0,18.39,93594.17,68.20,38670.70,b0
967459421,0,37056674,0,0,18.38,93594.16,68.20,38776.13,b0
967459421,0,37086728,0,0,18.34,93596.19,68.19,38740.92,b0
967459421,0,37116782,0,0,18.34,93595.07,68.24,38740.92,b0
967459421,0,37146836,0,0,18.33,93596.44,68.26,38565.83,b0
967459421,0,37176890,0,0,18.37,93598.50,68.24,38288.96,b0
967459421,0,37206944,0,0,18.38,93598.02,68.12,37780.40,b0
967459421,0,37236998,0,0,18.37,93597.45,68.17,37155.30,b0
967459421,0,37267052,0,0,18.40,93597.06,68.11,36425.73,b0
967459421,0,37297106,0,0,18.42,93596.55,68.01,36056.34,b0
967459421,0,37327160,0,0,18.44,93598.56,68.00,35575.32,b0
967459421,0,37357214,0,0,18.50,93600.90,67.90,35135.88,b0
967459421,0,37387268,0,0,18.53,93600.16,67.80,34905.92,b0
967459421,0,37417322,0,0,18.55,93600.78,67.83,34566.57,b0
967459421,0,37447376,0,0,18.55,93599.09,67.76,34594.59,b0
967459421,0,37477430,0,0,18.57,93600.71,67.71,34399.36,b0
967459421,0,37507484,0,0,18.58,93600.34,67.69,34233.75,b0
967459421,0,37537538,0,0,18.56,93600.73,67.70,34096.96,b0
967459421,0,37567592,0,0,18.54,93599.95,67.74,34096.96,b0
967459421,0,37597646,0,0,18.59,93601.84,67.71,34069.74,b0
967459421,0,37627700,0,0,18.43,93601.70,67.85,34482.76,b0
967459421,0,37657754,0,0,18.36,93602.08,68.17,34650.79,b0
967459421,0,37687808,0,0,18.28,93602.53,68.38,35339.59,b0
967459421,0,37717862,0,0,18.15,93605.43,68.75,36056.34,b0
967459421,0,37747916,0,0,18.14,93607.53,68.96,36332.67,b0
967459421,0,37777970,0,0,18.17,93607.55,68.95,36771.04,b0
967459421,0,37808024,0,0,18.23,93608.68,68.81,37122.97,b0
967459421,0,37838078,0,0,18.31,93608.45,68.62,37317.79,b0
967459421,0,37868132,0,0,18.34,93607.66,68.45,37383.18,b0
967459421,0,37898186,0,0,18.36,93609.31,68.35,37613.87,b0
967459421,0,37928240,0,0,18.38,93609.87,68.32,37220.12,b0
967459421,0,37958294,0,0,18.41,93609.28,68.25,37026.32,b0
967459421,0,37988348,0,0,18.45,93609.20,68.14,37026.32,b0
967459421,0,38018402,0,0,18.48,93610.29,68.04,36930.18,b0
967459421,0,38048456,0,0,18.50,93610.96,67.98,36676.22,b0
967459421,0,38078510,0,0,18.50,93609.78,67.95,36425.73,b0
967459421,0,38108564,0,0,18.50,93610.66,67.94,36519.26,b0
967459421,0,38138618,0,0,18.50,93611.70,67.93,36519.26,b0
967459421,0,38168672,0,0,18.50,93611.63,67.96,36550.54,b0
967459421,0,38198726,0,0,18.47,93610.38,68.03,36644.72,b0
967459421,0,38228780,0,0,18.47,93612.13,68.07,36613.27,b0
967459421,0,38258834,0,0,18.42,93611.16,68.17,36707.77,b0
967459421,0,38288888,0,0,18.41,93612.02,68.21,36771.04,b0
967459421,0,38318942,0,0,18.42,93611.04,68.21,36456.85,b0
967459421,0,38348996,0,0,18.44,93612.59,68.18,36332.67,b0
967459421,0,38379050,0,0,18.48,93614.56,68.14,35844.30,b0
967459421,0,38409104,0,0,18.50,93617.26,68.12,35634.74,b0
967459421,0,38439158,0,0,18.54,93613.91,68.02,35310.34,b0
967459421,0,38469212,0,0,18.49,93615.30,67.96,35724.25,b0
967459421,0,38499266,0,0,18.37,93610.57,68.29,36147.98,b0
967459421,0,38529320,0,0,18.34,93615.53,68.34,36425.73,b0
967459421,0,38559374,0,0,18.20,93614.36,68.72,36994.22,b0
967459421,0,38589428,0,0,18.17,93616.02,68.89,37285.17,b0
967459421,0,38619482,0,0,18.17,93616.82,68.99,37317.79,b0
967459421,0,38649536,0,0,18.20,93615.54,68.92,37155.30,b0
967459421,0,38679590,0,0,18.26,93611.06,68.78,36930.18,b0
967459421,0,38709644,0,0,18.34,93612.21,68.59,36550.54,b0
967459421,0,38739698,0,0,18.38,93613.68,68.48,36739.38,b0
967459421,0,38769752,0,0,18.35,93614.76,68.50,37026.32,b0
967459421,0,38799806,0,0,18.23,93615.52,68.62,37481.70,b0
967459421,0,38829860,0,0,18.16,93616.26,68.92,37547.67,b0
967459421,0,38859914,0,0,18.19,93616.84,68.90,37383.18,b0
967459421,0,38889968,0,0,18.19,93617.32,68.89,37713.61,b0
967459421,0,38920022,0,0,18.13,93617.73,69.10,37713.61,b0
967459421,0,38950076,0,0,18.20,93618.30,69.01,37547.67,b0
967459421,0,38980130,0,0,18.28,93618.64,68.81,37350.45,b0
967459421,0,39010184,0,0,18.27,93618.93,68.69,37415.96,b0
967459421,0,39040238,0,0,18.12,93618.87,69.08,37547.67,b0
967459421,0,39070292,0,0,18.13,93621.30,69.15,37547.67,b0
967459421,0,39100346,0,0,18.05,93619.52,69.32,37613.87,b0
967459421,0,39130400,0,0,18.09,93620.52,69.30,37252.62,b0
967459421,0,39160454,0,0,18.15,93619.56,69.12,36930.18,b0
967459421,0,39190508,0,0,18.22,93622.18,68.97,36866.36,b0
967459421,0,39220562,0,0,18.26,93622.09,68.80,36930.18,b0
967459421,0,39250616,0,0,18.31,93623.02,68.65,36676.22,b0
967459421,0,39280670,0,0,18.39,93623.15,68.49,36178.63,b0
967459421,0,39310724,0,0,18.43,93620.81,68.32,35844.30,b0
967459421,0,39340778,0,0,18.36,93621.02,68.37,36056.34,b0
967459421,0,39370832,0,0,18.29,93623.52,68.60,36086.83,b0
967459421,0,39400886,0,0,18.26,93621.25,68.77,36178.63,b0
967459421,0,39430940,0,0,18.14,93621.33,69.02,36209.34,b0
967459421,0,39460994,0,0,18.17,93623.36,69.08,35634.74,b0
967459421,0,39491048,0,0,18.24,93624.01,68.90,35078.11,b0
967459421,0,39521102,0,0,18.31,93625.88,68.74,34877.38,b0
967459421,0,39551156,0,0,18.36,93626.91,68.56,34763.71,b0
967459421,0,39581210,0,0,18.36,93627.77,68.49,34905.92,b0
967459421,0,39611264,0,0,18.29,93626.23,68.55,35368.89,b0
967459421,0,39641318,0,0,18.30,93625.98,68.63,35754.19,b0
967459421,0,39671372,0,0,18.35,93629.69,68.55,35605.01,b0
967459421,0,39701426,0,0,18.39,93629.03,68.43,35605.01,b0
967459421,0,39731480,0,0,18.41,93629.19,68.32,35874.44,b0
967459421,0,39761534,0,0,18.42,93627.98,68.24,35965.16,b0
967459421,0,39791588,0,0,18.45,93625.18,68.18,35904.63,b0
967459421,0,39821642,0,0,18.37,93627.62,68.28,36086.83,b0
967459421,0,39851696,0,0,18.38,93628.84,68.32,35904.63,b0
967459421,0,39881750,0,0,18.43,93628.19,68.25,35664.53,b0
967459421,0,39911804,0,0,18.47,93627.54,68.16,35398.23,b0
967459421,0,39941858,0,0,18.51,93627.09,68.09,35106.96,b0
967459421,0,39971912,0,0,18.47,93625.14,67.99,35486.55,b0
967459421,0,40001966,0,0,18.26,93627.05,68.41,36178.63,b0
967459421,0,40032020,0,0,18.21,93625.10,68.72,36488.03,b0
967459421,0,40062074,0,0,18.23,93626.23,68.71,36739.38,b0
967459421,0,40092128,0,0,18.23,93623.89,68.75,36834.53,b0
967459421,0,40122182,0,0,18.25,93624.91,68.67,37122.97,b0
967459421,0,40152236,0,0,18.31,93627.35,68.50,37155.30,b0
967459421,0,40182290,0,0,18.31,93629.65,68.45,37220.12,b0
967459421,0,40212344,0,0,18.36,93629.85,68.39,36898.24,b0
967459421,0,40242398,0,0,18.40,93624.34,68.24,36581.88,b0
967459421,0,40272452,0,0,18.46,93626.34,68.13,36394.66,b0
967459421,0,40302506,0,0,18.41,93628.68,68.09,36676.22,b0
967459421,0,40332560,0,0,18.41,93632.33,68.19,36086.83,b0
967459421,0,40362614,0,0,18.42,93627.24,68.13,35874.44,b0
967459421,0,40392668,0,0,18.48,93628.15,68.01,35575.32,b0
967459421,0,40422722,0,0,18.52,93629.77,67.91,35427.62,b0
967459421,0,40452776,0,0,18.53,93629.62,67.94,35427.62,b0
967459421,0,40482830,0,0,18.57,93628.21,67.88,35252.00,b0
967459421,0,40512884,0,0,18.61,93629.34,67.79,35106.96,b0
967459421,0,40542938,0,0,18.62,93631.02,67.69,35078.11,b0
967459421,0,40572992,0,0,18.65,93630.71,67.65,35135.88,b0
967459421,0,40603046,0,0,18.66,93630.63,67.57,35222.89,b0
967459421,0,40633100,0,0,18.69,93631.77,67.50,35078.11,b0
967459421,0,40663154,0,0,18.56,93630.86,67.60,35664.53,b0
967459421,0,40693208,0,0,18.50,93630.27,67.80,35904.63,b0
967459421,0,40723262,0,0,18.52,93629.09,67.87,36209.34,b0
967459421,0,40753316,0,0,18.54,93631.17,67.79,36332.67,b0
967459421,0,40783370,0,0,18.53,93632.82,67.85,36802.76,b0
967459421,0,40813424,0,0,18.39,93637.66,68.12,37122.97,b0
967459421,0,40843478,0,0,18.39,93636.78,68.24,37090.70,b0
967459421,0,40873532,0,0,18.32,93635.51,68.36,37647.06,b0
967459421,0,40903586,0,0,18.29,93634.91,68.54,37847.43,b0
967459421,0,40933640,0,0,18.34,93636.02,68.51,37746.98,b0
967459421,0,40963694,0,0,18.40,93638.41,68.33,37383.18,b0
967459421,0,40993748,0,0,18.43,93636.21,68.21,37383.18,b0
967459421,0,41023802,0,0,18.33,93638.80,68.34,38117.93,b0
967459421,0,41053856,0,0,18.33,93639.63,68.48,37813.89,b0
967459421,0,41083910,0,0,18.35,93638.23,68.38,38288.96,b0
967459421,0,41113964,0,0,18.37,93641.08,68.32,38496.24,b0
967459421,0,41144018,0,0,18.33,93639.52,68.38,38811.40,b0
967459421,0,41174072,0,0,18.33,93639.12,68.38,39060.12,b0
967459421,0,41204126,0,0,18.34,93639.98,68.42,38846.74,b0
967459421,0,41234180,0,0,18.38,93641.84,68.32,38531.00,b0
967459421,0,41264234,0,0,18.43,93641.57,68.19,38426.90,b0
967459421,0,41294288,0,0,18.46,93643.55,68.16,37948.41,b0
967459421,0,41324342,0,0,18.47,93641.80,68.08,38016.04,b0
967459421,0,41354396,0,0,18.43,93645.69,68.10,38357.80,b0
967459421,0,41384450,0,0,18.40,93645.10,68.19,38846.74,b0
967459421,0,41414504,0,0,18.39,93647.64,68.20,38776.13,b0
967459421,0,41444558,0,0,18.32,93648.68,68.42,39024.39,b0
967459421,0,41474612,0,0,18.35,93650.10,68.44,38705.78,b0
967459421,0,41504666,0,0,18.40,93649.43,68.35,38288.96,b0
967459421,0,41534720,0,0,18.48,93652.66,68.13,38117.93,b0
967459421,0,41564774,0,0,18.48,93653.56,67.95,38461.54,b0
967459421,0,41594828,0,0,18.45,93653.96,68.06,38953.13,b0
967459421,0,41624882,0,0,18.47,93653.63,68.01,38531.00,b0
967459421,0,41654936,0,0,18.52,93655.45,67.92,38254.63,b0
967459421,0,41684990,0,0,18.57,93656.22,67.76,38461.54,b0
967459421,0,41715044,0,0,18.58,93655.39,67.73,38565.83,b0
967459421,0,41745098,0,0,18.62,93655.33,67.63,38426.90,b0
967459421,0,41775152,0,0,18.63,93656.16,67.58,38357.80,b0
967459421,0,41805206,0,0,18.67,93655.85,67.49,38049.94,b0
967459421,0,41835260,0,0,18.61,93658.51,67.54,38461.54,b0
967459421,0,41865314,0,0,18.55,93661.09,67.74,38635.68,b0
967459421,0,41895368,0,0,18.56,93662.34,67.74,38254.63,b0
967459421,0,41925422,0,0,18.60,93660.59,67.73,37746.98,b0
967459421,0,41955476,0,0,18.65,93660.84,67.64,37547.67,b0
967459421,0,41985530,0,0,18.65,93665.73,67.54,37613.87,b0
967459421,0,42015584,0,0,18.55,93667.87,67.75,37813.89,b0
967459421,0,42045638,0,0,18.57,93666.41,67.82,37647.06,b0
967459421,0,42075692,0,0,18.62,93669.09,67.71,36802.76,b0
967459421,0,42105746,0,0,18.60,93669.82,67.81,36994.22,b0
967459421,0,42135800,0,0,18.52,93670.48,67.93,37514.65,b0
967459421,0,42165854,0,0,18.44,93667.06,68.11,38220.36,b0
967459421,0,42195908,0,0,18.43,93669.59,68.18,38670.70,b0
967459421,0,42225962,0,0,18.36,93669.15,68.38,38811.40,b0
967459421,0,42256016,0,0,18.40,93670.45,68.38,38531.00,b0
967459421,0,42286070,0,0,18.45,93670.66,68.27,38152.01,b0
967459421,0,42316124,0,0,18.51,93671.58,68.12,38117.93,b0
967459421,0,42346178,0,0,18.56,93670.37,67.92,37780.40,b0
967459421,0,42376232,0,0,18.47,93671.35,68.05,37780.40,b0
967459421,0,42406286,0,0,18.43,93670.80,68.16,38117.93,b0
967459421,0,42436340,0,0,18.42,93671.45,68.34,38357.80,b0
967459421,0,42466394,0,0,18.48,93672.41,68.24,38016.04,b0
967459421,0,42496448,0,0,18.54,93671.45,68.07,37647.06,b0
967459421,0,42526502,0,0,18.58,93671.89,67.95,37613.87,b0
967459421,0,42556556,0,0,18.62,93674.59,67.81,37448.80,b0
967459421,0,42586610,0,0,18.60,93673.59,67.85,37982.20,b0
967459421,0,42616664,0,0,18.57,93676.26,67.84,38152.01,b0
967459421,0,42646718,0,0,18.61,93676.29,67.81,37647.06,b0
967459421,0,42676772,0,0,18.67,93676.47,67.67,37514.65,b0
967459421,0,42706826,0,0,18.63,93679.43,67.68,37746.98,b0
967459421,0,42736880,0,0,18.65,93679.37,67.66,37285.17,b0
967459421,0,42766934,0,0,18.67,93681.11,67.59,36802.76,b0
967459421,0,42796988,0,0,18.64,93684.61,67.66,37415.96,b0
967459421,0,42827042,0,0,18.67,93683.59,67.63,36962.17,b0
967459421,0,42857096,0,0,18.67,93683.41,67.59,37026.32,b0
967459421,0,42887150,0,0,18.61,93683.09,67.79,37547.67,b0
967459421,0,42917204,0,0,18.65,93682.96,67.76,37481.70,b0
967459421,0,42947258,0,0,18.69,93683.57,67.64,37350.45,b0
967459421,0,42977312,0,0,18.73,93685.59,67.56,37285.17,b0
967459421,0,43007366,0,0,18.77,93681.88,67.45,37058.48,b0
967459421,0,43037420,0,0,18.82,93684.30,67.33,36707.77,b0
967459421,0,43067474,0,0,18.76,93682.32,67.31,37317.79,b0
967459421,0,43097528,0,0,18.66,93685.13,67.47,38323.35,b0
967459421,0,43127582,0,0,18.67,93686.04,67.51,38392.32,b0
967459421,0,43157636,0,0,18.67,93685.72,67.55,38953.13,b0
967459421,0,43187690,0,0,18.69,93684.08,67.50,38740.92,b0
967459421,0,43217744,0,0,18.73,93681.15,67.42,38220.36,b0
967459421,0,43247798,0,0,18.75,93682.20,67.43,38288.96,b0
967459421,0,43277852,0,0,18.77,93684.00,67.36,38254.63,b0
967459421,0,43307906,0,0,18.80,93685.25,67.28,38220.36,b0
967459421,0,43337960,0,0,18.78,93686.23,67.27,38565.83,b0
967459421,0,43368014,0,0,18.77,93687.31,67.23,38740.92,b0
967459421,0,43398068,0,0,18.75,93688.43,67.26,38953.13,b0
967459421,0,43428122,0,0,18.69,93689.80,67.40,39312.04,b0
967459421,0,43458176,0,0,18.70,93690.66,67.52,39493.98,b0
967459421,0,43488230,0,0,18.71,93689.51,67.49,39095.91,b0
967459421,0,43518284,0,0,18.76,93691.00,67.45,38635.68,b0
967459421,0,43548338,0,0,18.80,93689.25,67.35,38220.36,b0
967459421,0,43578392,0,0,18.86,93685.53,67.26,37580.74,b0
967459421,0,43608446,0,0,18.87,93686.96,67.30,37155.30,b0
967459421,0,43638500,0,0,18.86,93690.48,67.37,36644.72,b0
967459421,0,43668554,0,0,18.81,93692.94,67.34,37220.12,b0
967459421,0,43698608,0,0,18.74,93694.65,67.50,37847.43,b0
967459421,0,43728662,0,0,18.73,93693.80,67.54,38461.54,b0
967459421,0,43758716,0,0,18.64,93695.89,67.75,38988.73,b0
967459421,0,43788770,0,0,18.68,93696.45,67.78,38811.40,b0
967459421,0,43818824,0,0,18.68,93698.26,67.69,39275.85,b0
967459421,0,43848878,0,0,18.69,93700.47,67.60,39493.98,b0
967459421,0,43878932,0,0,18.67,93701.66,67.71,39825.76,b0
967459421,0,43908986,0,0,18.64,93699.59,67.76,40353.09,b0
967459421,0,43939040,0,0,18.67,93698.62,67.75,39825.76,b0
967459421,0,43969094,0,0,18.71,93700.19,67.68,39603.96,b0
967459421,0,43999148,0,0,18.71,93696.88,67.68,39348.29,b0
967459421,0,44029202,0,0,18.76,93697.91,67.54,38953.13,b0
967459421,0,44059256,0,0,18.83,93698.53,67.38,38254.63,b0
967459421,0,44089310,0,0,18.87,93701.30,67.34,38152.01,b0
967459421,0,44119364,0,0,18.91,93699.93,67.29,37982.20,b0
967459421,0,44149418,0,0,18.93,93703.05,67.16,37813.89,b0
967459421,0,44179472,0,0,18.95,93701.38,67.13,37350.45,b0
967459421,0,44209526,0,0,18.96,93703.31,67.12,37090.70,b0
967459421,0,44239580,0,0,18.98,93704.12,67.05,36802.76,b0
967459421,0,44269634,0,0,18.99,93704.57,66.97,36301.76,b0
967459421,0,44299688,0,0,19.02,93703.38,66.94,35874.44,b0
967459421,0,44329742,0,0,19.03,93704.38,66.90,35694.37,b0
967459421,0,44359796,0,0,19.04,93705.61,66.87,35252.00,b0
967459421,0,44389850,0,0,19.05,93707.66,66.91,34934.50,b0
967459421,0,44419904,0,0,19.04,93707.69,66.93,35078.11,b0
967459421,0,44449958,0,0,19.00,93705.15,66.90,35106.96,b0
967459421,0,44480012,0,0,18.90,93707.82,67.09,35664.53,b0
967459421,0,44510066,0,0,18.91,93706.89,67.08,35486.55,b0
967459421,0,44540120,0,0,18.95,93709.64,67.01,35874.44,b0
967459421,0,44570174,0,0,18.98,93707.48,66.88,35874.44,b0
967459421,0,44600228,0,0,18.98,93708.16,66.71,36707.77,b0
967459421,0,44630282,0,0,18.97,93714.35,66.57,37514.65,b0
967459421,0,44660336,0,0,18.95,93713.29,66.65,38117.93,b0
967459421,0,44690390,0,0,18.97,93716.65,66.63,38220.36,b0
967459421,0,44720444,0,0,18.99,93712.45,66.61,38392.32,b0
967459421,0,44750498,0,0,18.95,93717.15,66.69,39095.91,b0
967459421,0,44780552,0,0,18.98,93717.42,66.70,39384.62,b0
967459421,0,44810606,0,0,19.00,93714.82,66.64,39131.77,b0
967459421,0,44840660,0,0,19.02,93715.31,66.57,38776.13,b0
967459421,0,44870714,0,0,18.97,93714.75,66.50,39457.46,b0
967459421,0,44900768,0,0,18.99,93716.82,66.52,39312.04,b0
967459421,0,44930822,0,0,19.02,93712.05,66.45,39024.39,b0
967459421,0,44960876,0,0,19.07,93714.66,66.35,38670.70,b0
967459421,0,44990930,0,0,19.10,93717.16,66.27,38565.83,b0
967459421,0,45020984,0,0,19.05,93718.94,66.40,38426.90,b0
967459421,0,45051038,0,0,19.05,93717.31,66.46,38357.80,b0
967459421,0,45081092,0,0,19.06,93719.02,66.29,38705.78,b0
967459421,0,45111146,0,0,18.96,93723.23,66.25,40391.29,b0
967459421,0,45141200,0,0,18.94,93724.15,66.42,40699.52,b0
967459421,0,45171254,0,0,18.97,93719.98,66.31,41290.32,b0
967459421,0,45201308,0,0,19.02,93724.94,66.15,41857.42,b0
967459421,0,45231362,0,0,19.01,93723.02,66.07,42524.92,b0
967459421,0,45261416,0,0,18.99,93723.94,66.08,43257.86,b0
967459421,0,45291470,0,0,19.00,93726.58,66.08,43567.05,b0
967459421,0,45321524,0,0,19.01,93733.56,66.04,43389.83,b0
967459421,0,45351578,0,0,19.01,93728.84,66.01,43478.26,b0
967459421,0,45381632,0,0,19.03,93725.05,65.95,43478.26,b0
967459421,0,45411686,0,0,19.01,93725.98,65.92,44382.80,b0
967459421,0,45441740,0,0,18.94,93728.65,66.09,45277.68,b0
967459421,0,45471794,0,0,18.97,93732.20,66.15,45181.79,b0
967459421,0,45501848,0,0,18.98,93729.36,66.12,45373.98,b0
967459421,0,45531902,0,0,19.03,93731.96,66.01,44061.96,b0
967459421,0,45561956,0,0,19.06,93730.57,65.95,43478.26,b0
967459421,0,45592010,0,0,19.08,93734.63,65.90,43790.62,b0
967459421,0,45622064,0,0,19.10,93733.59,65.90,43835.62,b0
967459421,0,45652118,0,0,19.10,93732.20,65.91,43301.76,b0
967459421,0,45682172,0,0,19.10,93736.45,65.94,43345.75,b0
967459421,0,45712226,0,0,19.12,93733.31,65.85,43301.76,b0
967459421,0,45742280,0,0,19.08,93736.01,65.76,43611.59,b0
967459421,0,45772334,0,0,19.03,93737.57,65.85,44849.34,b0
967459421,0,45802388,0,0,19.05,93744.86,65.85,45038.71,b0
967459421,0,45832442,0,0,19.11,93741.20,65.75,44755.25,b0
967459421,0,45862496,0,0,19.14,93737.10,65.76,44661.55,b0
967459421,0,45892550,0,0,19.16,93741.02,65.77,44290.66,b0
967459421,0,45922604,0,0,19.17,93737.47,65.69,43611.59,b0
967459421,0,45952658,0,0,19.17,93736.80,65.70,43434.00,b0
967459421,0,45982712,0,0,19.17,93740.02,65.75,43656.21,b0
967459421,0,46012766,0,0,19.16,93743.02,65.75,43567.05,b0
967459421,0,46042820,0,0,19.18,93741.58,65.74,43301.76,b0
967459421,0,46072874,0,0,19.21,93741.32,65.69,42909.82,b0
967459421,0,46102928,0,0,19.23,93743.15,65.62,41330.32,b0
967459421,0,46132982,0,0,19.26,93739.18,65.54,41330.32,b0
967459421,0,46163036,0,0,19.24,93743.84,65.61,41370.39,b0
967459421,0,46193090,0,0,19.24,93744.25,65.69,41775.46,b0
967459421,0,46223144,0,0,19.26,93742.16,65.50,42063.75,b0
967459421,0,46253198,0,0,19.26,93747.05,65.39,42953.02,b0
967459421,0,46283252,0,0,19.22,93748.75,65.37,44244.73,b0
967459421,0,46313306,0,0,19.21,93753.02,65.51,44521.74,b0
967459421,0,46343360,0,0,19.24,93747.89,65.49,44475.33,b0
967459421,0,46373414,0,0,19.26,93752.27,65.52,44153.16,b0
967459421,0,46403468,0,0,19.27,93753.07,65.44,44290.66,b0
967459421,0,46433522,0,0,19.29,93750.53,65.39,44244.73,b0
967459421,0,46463576,0,0,19.34,93747.03,65.26,43700.92,b0
967459421,0,46493630,0,0,19.30,93746.91,65.21,44244.73,b0
967459421,0,46523684,0,0,19.28,93752.25,65.36,44382.80,b0
967459421,0,46553738,0,0,19.30,93748.76,65.32,43745.73,b0
967459421,0,46583792,0,0,19.26,93752.70,65.24,44061.96,b0
967459421,0,46613846,0,0,19.24,93754.54,65.33,44802.24,b0
967459421,0,46643900,0,0,19.26,93753.20,65.28,45277.68,b0
967459421,0,46673954,0,0,19.27,93752.17,65.25,45373.98,b0
967459421,0,46704008,0,0,19.28,93751.80,65.29,45665.36,b0
967459421,0,46734062,0,0,19.27,93756.95,65.22,46109.51,b0
967459421,0,46764116,0,0,19.28,93757.81,65.25,46010.07,b0
967459421,0,46794170,0,0,19.27,93755.68,65.23,46209.39,b0
967459421,0,46824224,0,0,19.20,93756.43,65.27,46766.53,b0
967459421,0,46854278,0,0,19.12,93755.89,65.36,48641.46,b0
967459421,0,46884332,0,0,19.12,93757.17,65.42,49287.64,b0
967459421,0,46914386,0,0,19.13,93756.48,65.40,49545.19,b0
967459421,0,46944440,0,0,19.16,93756.23,65.39,50127.28,b0
967459421,0,46974494,0,0,19.13,93756.61,65.44,49863.65,b0
967459421,0,47004548,0,0,19.14,93758.09,65.44,50156.74,b0
967459421,0,47034602,0,0,19.20,93757.52,65.37,49373.19,b0
967459421,0,47064656,0,0,19.21,93755.62,65.33,49004.59,b0
967459421,0,47094710,0,0,19.24,93755.59,65.27,46817.85,b0
967459421,0,47124764,0,0,19.26,93751.15,65.34,46059.73,b0
967459421,0,47154818,0,0,19.28,93754.57,65.31,45567.82,b0
967459421,0,47184872,0,0,19.27,93754.70,65.34,46259.49,b0
967459421,0,47214926,0,0,19.30,93755.34,65.32,45422.29,b0
967459421,0,47244980,0,0,19.34,93753.61,65.19,45229.68,b0
967459421,0,47275034,0,0,19.35,93754.70,65.18,44849.34,b0
967459421,0,47305088,0,0,19.36,93751.66,65.07,44943.82,b0
967459421,0,47335142,0,0,19.36,93753.80,65.04,45616.54,b0
967459421,0,47365196,0,0,19.36,93755.56,64.99,46410.44,b0
967459421,0,47395250,0,0,19.36,93758.04,65.00,46460.98,b0
967459421,0,47425304,0,0,19.27,93752.57,64.93,49174.03,b0
967459421,0,47455358,0,0,19.25,93755.10,65.06,49373.19,b0
967459421,0,47485412,0,0,19.25,93756.91,65.13,49805.45,b0
967459421,0,47515466,0,0,19.21,93758.21,65.14,50393.70,b0
967459421,0,47545520,0,0,19.20,93758.57,65.17,51148.85,b0
967459421,0,47575574,0,0,19.22,93762.45,65.24,50844.09,b0
967459421,0,47605628,0,0,19.27,93757.23,65.11,49980.48,b0
967459421,0,47635682,0,0,19.28,93757.81,65.14,49631.64,b0
967459421,0,47665736,0,0,19.30,93755.34,65.07,50723.20,b0
967459421,0,47695790,0,0,19.33,93757.67,64.99,50904.75,b0
967459421,0,47725844,0,0,19.29,93762.74,64.99,50783.57,b0
967459421,0,47755898,0,0,19.28,93766.27,65.11,51271.78,b0
967459421,0,47785952,0,0,19.30,93760.89,65.06,50572.89,b0
967459421,0,47816006,0,0,19.36,93763.24,64.93,49776.39,b0
967459421,0,47846060,0,0,19.39,93767.91,64.85,48393.20,b0
967459421,0,47876114,0,0,19.42,93762.61,64.77,47823.65,b0
967459421,0,47906168,0,0,19.46,93769.13,64.73,46613.25,b0
967459421,0,47936222,0,0,19.40,93764.57,64.77,46360.02,b0
967459421,0,47966276,0,0,19.41,93762.48,64.77,45763.32,b0
967459421,0,47996330,0,0,19.44,93765.08,64.62,46664.23,b0
967459421,0,48026384,0,0,19.47,93764.09,64.54,46159.39,b0
967459421,0,48056438,0,0,19.46,93760.80,64.50,46511.63,b0
967459421,0,48086492,0,0,19.42,93768.73,64.49,47904.19,b0
967459421,0,48116546,0,0,19.36,93769.42,64.63,48948.37,b0
967459421,0,48146600,0,0,19.37,93773.50,64.67,49459.04,b0
967459421,0,48176654,0,0,19.34,93775.11,64.65,50097.85,b0
967459421,0,48206708,0,0,19.32,93774.29,64.68,51519.42,b0
967459421,0,48236762,0,0,19.36,93768.83,64.69,51302.61,b0
967459421,0,48266816,0,0,19.38,93767.92,64.72,51426.28,b0
967459421,0,48296870,0,0,19.36,93769.59,64.83,50274.94,b0
967459421,0,48326924,0,0,19.38,93775.48,64.78,49287.64,b0
967459421,0,48356978,0,0,19.41,93768.72,64.70,48976.47,b0
967459421,0,48387032,0,0,19.42,93770.42,64.66,49032.75,b0
967459421,0,48417086,0,0,19.43,93767.63,64.63,48976.47,b0
967459421,0,48447140,0,0,19.46,93769.98,64.57,48503.22,b0
967459421,0,48477194,0,0,19.47,93769.48,64.48,49202.38,b0
967459421,0,48507248,0,0,19.46,93768.49,64.44,49951.22,b0
967459421,0,48537302,0,0,19.45,93768.59,64.43,51333.47,b0
967459421,0,48567356,0,0,19.42,93771.82,64.44,52276.90,b0
967459421,0,48597410,0,0,19.43,93772.98,64.50,51364.37,b0
967459421,0,48627464,0,0,19.45,93771.27,64.50,51302.61,b0
967459421,0,48657518,0,0,19.46,93767.79,64.44,52469.77,b0
967459421,0,48687572,0,0,19.46,93773.17,64.42,51958.59,b0
967459421,0,48717626,0,0,19.48,93768.01,64.39,51302.61,b0
967459421,0,48747680,0,0,19.51,93762.99,64.31,50039.09,b0
967459421,0,48777734,0,0,19.50,93767.46,64.35,50127.28,b0
967459421,0,48807788,0,0,19.50,93766.53,64.36,50572.89,b0
967459421,0,48837842,0,0,19.54,93766.12,64.24,50483.14,b0
967459421,0,48867896,0,0,19.52,93769.54,64.27,50393.70,b0
967459421,0,48897950,0,0,19.52,93768.91,64.35,50423.48,b0
967459421,0,48928004,0,0,19.54,93768.66,64.40,49459.04,b0
967459421,0,48958058,0,0,19.59,93769.54,64.30,48920.31,b0
967459421,0,48988112,0,0,19.59,93767.59,64.14,48920.31,b0
967459421,0,49018166,0,0,19.58,93769.88,64.10,51240.99,b0
967459421,0,49048220,0,0,19.60,93770.87,64.08,50423.48,b0
967459421,0,49078274,0,0,19.61,93764.78,64.13,49660.52,b0
967459421,0,49108328,0,0,19.63,93763.74,64.06,49747.37,b0
967459421,0,49138382,0,0,19.67,93764.90,64.02,48836.32,b0
967459421,0,49168436,0,0,19.69,93764.32,63.96,48780.49,b0
967459421,0,49198490,0,0,19.69,93773.55,64.00,48558.42,b0
967459421,0,49228544,0,0,19.68,93773.64,64.05,46715.33,b0
967459421,0,49258598,0,0,19.71,93774.55,64.04,46562.39,b0
967459421,0,49288652,0,0,19.76,93778.18,64.53,45960.50,b0
967459421,0,49318706,0,0,19.71,93769.79,63.98,47770.11,b0
967459421,0,49348760,0,0,19.73,93767.48,64.04,48147.45,b0
967459421,0,49378814,0,0,19.74,93770.85,63.96,48256.36,b0
967459421,0,49408868,0,0,19.78,93768.42,63.86,46309.70,b0
967459421,0,49438922,0,0,19.76,93768.15,63.91,45277.68,b0
967459421,0,49468976,0,0,19.72,93771.04,64.07,44382.80,b0
967459421,0,49499030,0,0,19.67,93770.69,64.00,44107.51,b0
967459421,0,49529084,0,0,19.67,93773.23,63.92,43925.87,b0
967459421,0,49559138,0,0,19.65,93776.62,63.80,44198.89,b0
967459421,0,49589192,0,0,19.67,93773.50,63.83,43170.32,b0
967459421,0,49619246,0,0,19.68,93770.95,63.73,42823.69,b0
967459421,0,49649300,0,0,19.71,93771.52,63.75,39312.04,b0
967459421,0,49679354,0,0,19.74,93773.73,63.68,38117.93,b0
967459421,0,49709408,0,0,19.71,93773.88,63.61,38152.01,b0
967459421,0,49739462,0,0,19.74,93775.08,63.61,38461.54,b0
967459421,0,49769516,0,0,19.76,93773.74,63.54,38635.68,b0
967459421,0,49799570,0,0,19.79,93775.41,63.44,38049.94,b0
967459421,0,49829624,0,0,19.80,93778.33,63.48,37547.67,b0
967459421,0,49859678,0,0,19.81,93776.20,63.41,37847.43,b0
967459421,0,49889732,0,0,19.80,93777.52,63.49,39384.62,b0
967459421,0,49919786,0,0,19.82,93776.14,63.50,40050.06,b0
967459421,0,49949840,0,0,19.83,93773.78,63.45,40894.57,b0
967459421,0,49979894,0,0,19.83,93777.26,63.40,41857.42,b0
967459421,0,50009948,0,0,19.83,93776.70,63.31,43611.59,b0
967459421,0,50040002,0,0,19.83,93777.77,63.25,45133.99,b0
967459421,0,50070056,0,0,19.81,93775.73,63.27,46309.70,b0
967459421,0,50100110,0,0,19.80,93776.84,63.21,48012.00,b0
967459421,0,50130164,0,0,19.79,93778.11,63.26,48920.31,b0
967459421,0,50160218,0,0,19.82,93776.85,63.25,48066.09,b0
967459421,0,50190272,0,0,19.85,93773.43,63.18,46562.39,b0
967459421,0,50220326,0,0,19.87,93771.62,63.19,45911.05,b0
967459421,0,50250380,0,0,19.90,93776.23,63.16,45714.29,b0
967459421,0,50280434,0,0,19.91,93775.47,63.14,45181.79,b0
967459421,0,50310488,0,0,19.93,93773.78,63.14,44429.02,b0
967459421,0,50340542,0,0,19.90,93774.55,63.16,42780.75,b0
967459421,0,50370596,0,0,19.95,93771.24,63.06,43611.59,b0
967459421,0,50400650,0,0,19.92,93773.82,62.93,45470.69,b0
967459421,0,50430704,0,0,19.94,93772.08,62.96,46360.02,b0
967459421,0,50460758,0,0,19.92,93770.77,62.96,47985.00,b0
967459421,0,50490812,0,0,19.91,93773.55,62.89,48696.98,b0
967459421,0,50520866,0,0,19.90,93774.46,62.94,49259.19,b0
967459421,0,50550920,0,0,19.89,93772.51,62.97,49117.42,b0
967459421,0,50580974,0,0,19.89,93775.59,62.96,49004.59,b0
967459421,0,50611028,0,0,19.89,93772.25,62.90,49259.19,b0
967459421,0,50641082,0,0,19.89,93772.92,62.85,49747.37,b0
967459421,0,50671136,0,0,19.94,93766.88,62.78,49922.00,b0
967459421,0,50701190,0,0,19.96,93769.79,62.60,50904.75,b0
967459421,0,50731244,0,0,19.98,93765.52,62.47,50723.20,b0
967459421,0,50761298,0,0,19.99,93767.05,62.48,48311.00,b0
967459421,0,50791352,0,0,20.01,93769.41,62.43,45616.54,b0
967459421,0,50821406,0,0,20.05,93766.13,62.35,41330.32,b0
967459421,0,50851460,0,0,20.09,93763.10,62.24,38083.90,b0
967459421,0,50881514,0,0,20.15,93765.27,62.16,36834.53,b0
967459421,0,50911568,0,0,20.14,93762.88,61.88,37881.03,b0
967459421,0,50941622,0,0,20.16,93766.03,61.86,38220.36,b0
967459421,0,50971676,0,0,20.14,93762.61,61.93,39024.39,b0
967459421,0,51001730,0,0,20.11,93764.18,61.95,40855.41,b0
967459421,0,51031784,0,0,20.09,93762.22,62.06,41775.46,b0
967459421,0,51061838,0,0,20.08,93763.88,62.09,41091.49,b0
967459421,0,51091892,0,0,20.10,93763.82,62.10,41091.49,b0
967459421,0,51121946,0,0,20.11,93760.85,62.09,40622.02,b0
967459421,0,51152000,0,0,20.11,93764.11,62.09,41170.79,b0
967459421,0,51182054,0,0,20.09,93765.98,62.37,42105.26,b0
967459421,0,51212108,0,0,20.06,93761.98,62.32,43434.00,b0
967459421,0,51242162,0,0,20.07,93761.44,62.26,44153.16,b0
967459421,0,51272216,0,0,20.07,93764.65,62.19,43083.14,b0
967459421,0,51302270,0,0,20.07,93762.91,62.26,44153.16,b0
967459421,0,51332324,0,0,20.11,93763.21,62.36,43567.05,b0
967459421,0,51362378,0,0,20.14,93763.34,62.26,43301.76,b0
967459421,0,51392432,0,0,20.15,93762.41,62.18,41980.98,b0
967459421,0,51422486,0,0,20.14,93765.26,62.18,40583.39,b0
967459421,0,51452540,0,0,20.14,93761.88,62.20,38740.92,b0
967459421,0,51482594,0,0,20.15,93764.91,62.23,36332.67,b0
967459421,0,51512648,0,0,20.18,93768.37,62.27,29767.44,b0
967459421,0,51542702,0,0,20.19,93766.69,62.26,26930.36,b0
967459421,0,51572756,0,0,20.21,93763.83,62.27,25167.13,b0
967459421,0,51602810,0,0,20.23,93767.70,62.25,23686.16,b0
967459421,0,51632864,0,0,20.25,93769.38,62.21,22881.66,b0
967459421,0,51662918,0,0,20.23,93766.95,62.21,22401.12,b0
967459421,0,51692972,0,0,20.25,93765.89,62.19,24128.18,b0
967459421,0,51723026,0,0,20.27,93764.37,62.12,25467.57,b0
967459421,0,51753080,0,0,20.28,93766.34,62.10,25697.65,b0
967459421,0,51783134,0,0,20.29,93766.09,62.09,26479.11,b0
967459421,0,51813188,0,0,20.29,93767.62,62.17,27239.84,b0
967459421,0,51843242,0,0,20.29,93769.98,62.11,29038.11,b0
967459421,0,51873296,0,0,20.29,93766.82,62.06,30710.17,b0
967459421,0,51903350,0,0,20.29,93763.31,62.07,32120.45,b0
967459421,0,51933404,0,0,20.27,93764.84,62.07,32837.35,b0
967459421,0,51963458,0,0,20.28,93764.37,62.07,33961.26,b0
967459421,0,51993512,0,0,20.28,93763.60,62.06,34707.16,b0
967459421,0,52023566,0,0,20.29,93763.48,62.04,35934.87,b0
967459421,0,52053620,0,0,20.28,93763.09,62.02,36866.36,b0
967459421,0,52083674,0,0,20.27,93759.39,61.93,37514.65,b0
967459421,0,52113728,0,0,20.29,93759.34,61.92,37448.80,b0
967459421,0,52143782,0,0,20.30,93759.13,61.96,37252.62,b0
967459421,0,52173836,0,0,20.30,93757.45,61.92,37122.97,b0
967459421,0,52203890,0,0,20.31,93759.19,61.94,35486.55,b0
967459421,0,52233944,0,0,20.34,93756.68,61.98,35545.68,b0
967459421,0,52263998,0,0,20.33,93761.11,61.94,36550.54,b0
967459421,0,52294052,0,0,20.35,93757.72,61.89,37252.62,b0
967459421,0,52324106,0,0,20.38,93760.31,61.87,37155.30,b0
967459421,0,52354160,0,0,20.36,93759.03,61.87,38323.35,b0
967459421,0,52384214,0,0,20.34,93757.91,61.62,40125.39,b0
967459421,0,52414268,0,0,20.31,93754.97,61.64,39900.25,b0
967459421,0,52444322,0,0,20.30,93756.48,61.70,41170.79,b0
967459421,0,52474376,0,0,20.31,93757.34,61.57,42567.34,b0
967459421,0,52504430,0,0,20.32,93759.34,61.36,44153.16,b0
967459421,0,52534484,0,0,20.30,93755.19,61.29,45861.70,b0
967459421,0,52564538,0,0,20.31,93758.69,61.31,46109.51,b0
967459421,0,52594592,0,0,20.31,93757.39,61.36,44943.82,b0
967459421,0,52624646,0,0,20.33,93757.22,61.61,45181.79,b0
967459421,0,52654700,0,0,20.38,93755.92,61.56,44568.25,b0
967459421,0,52684754,0,0,20.38,93751.41,61.55,44061.96,b0
967459421,0,52714808,0,0,20.41,93754.80,61.55,43745.73,b0
967459421,0,52744862,0,0,20.40,93751.52,61.48,44016.51,b0
967459421,0,52774916,0,0,20.39,93749.98,61.47,44244.73,b0
967459421,0,52804970,0,0,20.39,93750.64,61.49,43567.05,b0
967459421,0,52835024,0,0,20.40,93751.67,61.44,43745.73,b0
967459421,0,52865078,0,0,20.38,93749.00,61.40,45422.29,b0
967459421,0,52895132,0,0,20.38,93753.05,61.33,46817.85,b0
967459421,0,52925186,0,0,20.38,93751.41,61.30,48147.45,b0
967459421,0,52955240,0,0,20.40,93750.67,61.13,48920.31,b0
967459421,0,52985294,0,0,20.41,93752.47,61.12,48752.62,b0
967459421,0,53015348,0,0,20.41,93751.52,61.13,45616.54,b0
967459421,0,53045402,0,0,20.42,93752.80,61.15,44336.68,b0
967459421,0,53075456,0,0,20.39,93748.10,60.97,46410.44,b0
967459421,0,53105510,0,0,20.36,93746.81,61.03,49145.71,b0
967459421,0,53135564,0,0,20.39,93749.81,61.02,50363.96,b0
967459421,0,53165618,0,0,20.41,93748.26,61.04,49487.73,b0
967459421,0,53195672,0,0,20.42,93745.16,61.08,49892.81,b0
967459421,0,53225726,0,0,20.38,93747.69,61.06,51057.04,b0
967459421,0,53255780,0,0,20.39,93746.31,61.09,50334.25,b0
967459421,0,53285834,0,0,20.42,93746.72,61.03,50156.74,b0
967459421,0,53315888,0,0,20.39,93745.94,61.17,48864.29,b0
967459421,0,53345942,0,0,20.40,93744.59,61.17,47663.38,b0
967459421,0,53375996,0,0,20.42,93743.94,61.11,48201.84,b0
967459421,0,53406050,0,0,20.44,93743.21,60.83,49922.00,b0
967459421,0,53436104,0,0,20.49,93744.96,60.78,49892.81,b0
967459421,0,53466158,0,0,20.49,93740.06,60.68,50513.02,b0
967459421,0,53496212,0,0,20.48,93742.20,60.59,52761.75,b0
967459421,0,53526266,0,0,20.50,93744.77,60.52,51990.25,b0
967459421,0,53556320,0,0,20.52,93746.59,60.46,50363.96,b0
967459421,0,53586374,0,0,20.54,93747.97,60.50,48613.75,b0
967459421,0,53616428,0,0,20.52,93746.51,60.36,46766.53,b0
967459421,0,53646482,0,0,20.54,93743.64,60.32,44016.51,b0
967459421,0,53676536,0,0,20.54,93742.80,60.17,42737.90,b0
967459421,0,53706590,0,0,20.52,93740.63,60.41,41131.11,b0
967459421,0,53736644,0,0,20.50,93742.04,60.46,40238.92,b0
967459421,0,53766698,0,0,20.51,93741.16,60.46,40544.82,b0
967459421,0,53796752,0,0,20.48,93738.95,60.48,41131.11,b0
967459421,0,53826806,0,0,20.47,93739.23,60.40,42105.26,b0
967459421,0,53856860,0,0,20.47,93733.27,60.34,43170.32,b0
967459421,0,53886914,0,0,20.49,93732.80,60.35,44244.73,b0
967459421,0,53916968,0,0,20.50,93734.44,60.36,45567.82,b0
967459421,0,53947022,0,0,20.54,93737.23,60.25,45567.82,b0
967459421,0,53977076,0,0,20.55,93738.71,60.24,46109.51,b0
967459421,0,54007130,0,0,20.57,93736.67,60.25,46664.23,b0
967459421,0,54037184,0,0,20.59,93736.64,60.19,46511.63,b0
967459421,0,54067238,0,0,20.60,93734.52,60.12,45616.54,b0
967459421,0,54097292,0,0,20.62,93732.30,60.07,44107.51,b0
967459421,0,54127346,0,0,20.63,93730.22,60.08,44244.73,b0
967459421,0,54157400,0,0,20.65,93731.57,60.10,43039.68,b0
967459421,0,54187454,0,0,20.66,93737.21,60.05,42909.82,b0
967459421,0,54217508,0,0,20.65,93732.66,60.22,42737.90,b0
967459421,0,54247562,0,0,20.64,93727.34,59.95,44244.73,b0
967459421,0,54277616,0,0,20.66,93730.07,60.03,44755.25,b0
967459421,0,54307670,0,0,20.69,93728.56,60.02,42652.45,b0
967459421,0,54337724,0,0,20.67,93724.98,60.29,42398.14,b0
967459421,0,54367778,0,0,20.67,93723.45,60.35,41410.55,b0
967459421,0,54397832,0,0,20.70,93726.35,60.30,40238.92,b0
967459421,0,54427886,0,0,20.62,93722.97,60.29,41170.79,b0
967459421,0,54457940,0,0,20.61,93727.82,60.27,42524.92,b0
967459421,0,54487994,0,0,20.64,93730.07,60.22,43126.68,b0
967459421,0,54518048,0,0,20.63,93730.91,60.24,42609.86,b0
967459421,0,54548102,0,0,20.64,93727.71,60.02,43434.00,b0
967459421,0,54578156,0,0,20.65,93725.39,59.91,43790.62,b0
967459421,0,54608210,0,0,20.67,93727.95,59.85,43301.76,b0
967459421,0,54638264,0,0,20.67,93723.92,60.04,41939.71,b0
967459421,0,54668318,0,0,20.67,93722.66,60.07,40125.39,b0
967459421,0,54698372,0,0,20.67,93720.01,60.36,38461.54,b0
967459421,0,54728426,0,0,20.68,93717.91,60.32,37252.62,b0
967459421,0,54758480,0,0,20.68,93716.31,60.22,37220.12,b0
967459421,0,54788534,0,0,20.70,93715.15,60.28,36270.90,b0
967459421,0,54818588,0,0,20.72,93712.97,60.33,34877.38,b0
967459421,0,54848642,0,0,20.71,93711.41,60.49,34261.24,b0
967459421,0,54878696,0,0,20.67,93711.23,60.57,33507.85,b0
967459421,0,54908750,0,0,20.66,93709.16,60.41,34594.59,b0
967459421,0,54938804,0,0,20.67,93712.91,60.43,35427.62,b0
967459421,0,54968858,0,0,20.66,93709.93,60.49,35049.29,b0
967459421,0,54998912,0,0,20.64,93708.21,60.15,37155.30,b0
967459421,0,55028966,0,0,20.61,93707.68,60.13,39421.00,b0
967459421,0,55059020,0,0,20.61,93703.13,60.10,40583.39,b0
967459421,0,55089074,0,0,20.61,93700.24,60.23,40583.39,b0
967459421,0,55119128,0,0,20.63,93701.48,60.17,40699.52,b0
967459421,0,55149182,0,0,20.65,93699.70,60.24,40816.33,b0
967459421,0,55179236,0,0,20.71,93699.67,59.97,41571.94,b0
967459421,0,55209290,0,0,20.70,93702.48,59.93,41290.32,b0
967459421,0,55239344,0,0,20.70,93703.67,59.93,41816.40,b0
967459421,0,55269398,0,0,20.72,93702.05,59.91,42105.26,b0
967459421,0,55299452,0,0,20.74,93701.00,59.88,42356.05,b0
967459421,0,55329506,0,0,20.77,93702.70,59.88,42567.34,b0
967459421,0,55359560,0,0,20.77,93701.52,60.11,43126.68,b0
967459421,0,55389614,0,0,20.74,93699.87,60.14,42953.02,b0
967459421,0,55419668,0,0,20.75,93701.36,60.09,42780.75,b0
967459421,0,55449722,0,0,20.77,93700.09,60.20,42609.86,b0
967459421,0,55479776,0,0,20.79,93698.89,60.19,42230.29,b0
967459421,0,55509830,0,0,20.76,93697.73,60.24,43083.14,b0
967459421,0,55539884,0,0,20.78,93698.09,60.19,43611.59,b0
967459421,0,55569938,0,0,20.80,93697.45,60.13,43345.75,b0
967459421,0,55599992,0,0,20.82,93694.81,60.04,43522.61,b0
967459421,0,55630046,0,0,20.83,93698.46,59.97,45229.68,b0
967459421,0,55660100,0,0,20.79,93695.24,60.03,45181.79,b0
967459421,0,55690154,0,0,20.80,93696.90,60.05,45763.32,b0
967459421,0,55720208,0,0,20.79,93694.16,59.95,47583.64,b0
967459421,0,55750262,0,0,20.78,93695.88,59.93,48892.29,b0
967459421,0,55780316,0,0,20.79,93698.39,59.92,49117.42,b0
967459421,0,55810370,0,0,20.81,93697.82,59.99,48669.20,b0
967459421,0,55840424,0,0,20.75,93692.80,60.19,46511.63,b0
967459421,0,55870478,0,0,20.73,93695.58,60.19,46562.39,b0
967459421,0,55900532,0,0,20.75,93694.33,60.14,46817.85,b0
967459421,0,55930586,0,0,20.75,93695.69,60.14,45861.70,b0
967459421,0,55960640,0,0,20.73,93692.45,60.02,46715.33,b0
967459421,0,55990694,0,0,20.72,93692.98,59.80,49373.19,b0
967459421,0,56020748,0,0,20.73,93689.91,59.61,51302.61,b0
967459421,0,56050802,0,0,20.70,93689.10,59.62,52341.04,b0
967459421,0,56080856,0,0,20.71,93690.03,59.49,54340.90,b0
967459421,0,56110910,0,0,20.71,93692.33,59.47,55870.80,b0
967459421,0,56140964,0,0,20.73,93688.60,59.59,55543.50,b0
967459421,0,56171018,0,0,20.72,93687.35,59.65,55435.25,b0
967459421,0,56201072,0,0,20.73,93688.77,59.74,54759.36,b0
967459421,0,56231126,0,0,20.77,93686.23,59.82,53623.80,b0
967459421,0,56261180,0,0,20.77,93685.52,59.99,51832.36,b0
967459421,0,56291234,0,0,20.77,93687.16,59.77,52827.07,b0
967459421,0,56321288,0,0,20.77,93684.88,59.66,53894.74,b0
967459421,0,56351342,0,0,20.77,93685.23,59.60,53860.72,b0
967459421,0,56381396,0,0,20.80,93681.25,59.66,53388.95,b0
967459421,0,56411450,0,0,20.82,93681.21,59.65,53489.34,b0
967459421,0,56441504,0,0,20.79,93680.94,59.79,53189.28,b0
967459421,0,56471558,0,0,20.77,93681.46,59.90,52373.16,b0
967459421,0,56501612,0,0,20.76,93679.32,59.88,51644.14,b0
967459421,0,56531666,0,0,20.76,93677.80,59.57,52892.56,b0
967459421,0,56561720,0,0,20.75,93681.82,59.55,52212.93,b0
967459421,0,56591774,0,0,20.76,93679.49,59.44,50753.37,b0
967459421,0,56621828,0,0,20.77,93677.95,59.51,46562.39,b0
967459421,0,56651882,0,0,20.81,93677.70,59.43,44614.85,b0
967459421,0,56681936,0,0,20.84,93677.49,59.29,43257.86,b0
967459421,0,56711990,0,0,20.84,93675.05,59.31,41250.40,b0
967459421,0,56742044,0,0,20.87,93672.35,59.26,40353.09,b0
967459421,0,56772098,0,0,20.89,93675.83,59.34,38988.73,b0
967459421,0,56802152,0,0,20.91,93673.39,59.59,38016.04,b0
967459421,0,56832206,0,0,20.88,93672.88,59.57,37220.12,b0
967459421,0,56862260,0,0,20.85,93673.77,59.89,36962.17,b0
967459421,0,56892314,0,0,20.81,93672.47,59.72,38186.16,b0
967459421,0,56922368,0,0,20.80,93671.90,59.67,39825.76,b0
967459421,0,56952422,0,0,20.79,93671.82,59.55,42022.32,b0
967459421,0,56982476,0,0,20.81,93673.32,59.48,43083.14,b0
967459421,0,57012530,0,0,20.82,93672.68,59.66,42695.13,b0
967459421,0,57042584,0,0,20.80,93672.40,59.76,42737.90,b0
967459421,0,57072638,0,0,20.83,93673.25,59.48,44244.73,b0
967459421,0,57102692,0,0,20.87,93672.35,59.47,45470.69,b0
967459421,0,57132746,0,0,20.88,93671.86,59.30,46766.53,b0
967459421,0,57162800,0,0,20.86,93672.56,58.86,49776.39,b0
967459421,0,57192854,0,0,20.86,93671.31,58.61,53623.80,b0
967459421,0,57222908,0,0,20.86,93672.22,58.61,56054.30,b0
967459421,0,57252962,0,0,20.87,93671.88,58.65,56574.59,b0
967459421,0,57283016,0,0,20.88,93670.30,58.78,56054.30,b0
967459421,0,57313070,0,0,20.90,93671.34,58.62,56649.70,b0
967459421,0,57343124,0,0,20.91,93666.38,58.77,55761.27,b0
967459421,0,57373178,0,0,20.91,93666.57,58.83,54654.14,b0
967459421,0,57403232,0,0,20.89,93665.41,58.84,53826.75,b0
967459421,0,57433286,0,0,20.90,93662.15,58.90,53090.00,b0
967459421,0,57463340,0,0,20.91,93664.77,58.93,53255.67,b0
967459421,0,57493394,0,0,20.92,93660.18,59.16,52244.90,b0
967459421,0,57523448,0,0,20.94,93656.55,59.50,50453.29,b0
967459421,0,57553502,0,0,20.93,93657.46,59.50,49344.64,b0
967459421,0,57583556,0,0,20.92,93655.49,59.02,49805.45,b0
967459421,0,57613610,0,0,20.92,93655.28,58.96,50783.57,b0
967459421,0,57643664,0,0,20.93,93653.95,58.82,47958.04,b0
967459421,0,57673718,0,0,20.91,93652.10,58.97,48311.00,b0
967459421,0,57703772,0,0,20.93,93652.30,59.05,48641.46,b0
967459421,0,57733826,0,0,20.92,93652.71,58.69,50127.28,b0
967459421,0,57763880,0,0,20.94,93650.55,58.54,52437.53,b0
967459421,0,57793934,0,0,20.95,93654.84,58.61,52437.53,b0
967459421,0,57823988,0,0,20.97,93653.52,58.71,52502.05,b0
967459421,0,57854042,0,0,20.99,93651.20,58.88,51926.98,b0
967459421,0,57884096,0,0,20.98,93650.57,58.84,51706.73,b0
967459421,0,57914150,0,0,20.96,93647.99,59.05,50423.48,b0
967459421,0,57944204,0,0,20.98,93647.66,59.51,48752.62,b0
967459421,0,57974258,0,0,20.98,93649.40,59.40,46664.23,b0
967459421,0,58004312,0,0,20.98,93647.37,59.35,45567.82,b0
967459421,0,58034366,0,0,21.00,93644.18,59.35,45470.69,b0
967459421,0,58064420,0,0,21.06,93643.06,59.09,46511.63,b0
967459421,0,58094474,0,0,21.01,93644.55,59.44,45714.29,b0
967459421,0,58124528,0,0,20.98,93641.84,59.15,48093.18,b0
967459421,0,58154582,0,0,20.97,93639.70,59.16,47958.04,b0
967459421,0,58184636,0,0,20.96,93639.10,59.00,48780.49,b0
967459421,0,58214690,0,0,20.97,93638.68,59.06,49459.04,b0
967459421,0,58244744,0,0,20.98,93639.01,59.09,48976.47,b0
967459421,0,58274798,0,0,21.00,93638.02,59.16,49805.45,b0
967459421,0,58304852,0,0,21.02,93636.38,59.08,49573.97,b0
967459421,0,58334906,0,0,21.02,93634.55,59.08,49430.39,b0
967459421,0,58364960,0,0,21.02,93636.83,58.89,49980.48,b0
967459421,0,58395014,0,0,21.04,93635.73,58.63,51644.14,b0
967459421,0,58425068,0,0,21.02,93634.75,58.56,52566.73,b0
967459421,0,58455122,0,0,21.03,93632.16,58.53,53024.03,b0
967459421,0,58485176,0,0,21.01,93629.45,58.64,53057.00,b0
967459421,0,58515230,0,0,21.00,93631.44,58.61,53322.22,b0
967459421,0,58545284,0,0,21.03,93633.76,58.40,55220.02,b0
967459421,0,58575338,0,0,21.02,93631.42,58.68,55255.77,b0
967459421,0,58605392,0,0,20.99,93633.97,58.80,52566.73,b0
967459421,0,58635446,0,0,21.01,93628.53,58.70,52053.68,b0
967459421,0,58665500,0,0,21.01,93630.02,58.56,52631.58,b0
967459421,0,58695554,0,0,21.02,93630.32,58.58,52053.68,b0
967459421,0,58725608,0,0,21.05,93626.98,58.25,53388.95,b0
